Product,Price,Currency,Imported_From,Country_Code,Import_Date,Time_of_Import,In_Stock
Bread - Pita,$6.39 ,EUR,Germany,DE,11/7/2024,12:53 AM,FALSE
Chocolate - Milk,$8.78 ,ZAR,South Africa,ZA,5/23/2024,4:17 AM,TRUE
"Tuna - Canned, Flaked, Light",$2.63 ,RUB,Russia,RU,6/10/2024,4:55 PM,TRUE
Silicone Paper 16.5x24,$2.01 ,NGN,Nigeria,NG,5/12/2024,1:16 PM,FALSE
Pork - Bones,$4.80 ,NGN,Nigeria,NG,11/17/2024,6:33 AM,FALSE
Calypso - Lemonade,$7.56 ,CNY,China,CN,12/6/2023,5:12 PM,FALSE
Pork - Bacon Cooked Slcd,$6.27 ,JPY,Japan,JP,6/20/2024,3:46 PM,FALSE
Onion Powder,$0.23 ,PYG,Paraguay,PY,7/11/2024,1:12 PM,FALSE
"Turkey - Breast, Boneless Sk On",$6.14 ,IDR,Indonesia,ID,5/18/2024,12:56 PM,FALSE
Cream - 35%,$4.86 ,EUR,Slovenia,SI,10/13/2024,8:00 AM,TRUE
Cranberries - Frozen,$8.22 ,CNY,China,CN,2/3/2024,5:59 PM,TRUE
"Coconut - Creamed, Pure",$2.61 ,PHP,Philippines,PH,7/27/2024,2:53 AM,TRUE
Bacardi Raspberry,$7.08 ,IDR,Indonesia,ID,2/23/2024,4:16 PM,TRUE
Soup Knorr Chili With Beans,$2.41 ,EUR,Portugal,PT,11/10/2023,7:49 PM,TRUE
Assorted Desserts,$7.25 ,CNY,China,CN,3/24/2024,11:18 AM,TRUE
"Juice - Clam, 46 Oz",$6.96 ,CNY,China,CN,2/7/2024,12:24 PM,TRUE
Ham - Cooked,$3.61 ,BRL,Brazil,BR,9/8/2024,2:10 AM,TRUE
Apple - Macintosh,$7.71 ,RUB,Russia,RU,2/2/2024,6:25 PM,FALSE
Wine - Valpolicella Masi,$4.47 ,IDR,Indonesia,ID,9/4/2024,9:24 PM,TRUE
Cheese - Perron Cheddar,$2.47 ,CNY,China,CN,11/8/2023,8:55 AM,TRUE
Lamb - Bones,$5.20 ,IDR,Indonesia,ID,2/29/2024,10:04 AM,FALSE
"Potatoes - Purple, Organic",$5.55 ,NGN,Nigeria,NG,7/31/2024,2:12 PM,FALSE
Oranges,$5.77 ,JPY,Japan,JP,8/20/2024,6:12 AM,FALSE
Wine - Magnotta - Pinot Gris Sr,$8.44 ,RUB,Russia,RU,4/17/2024,1:16 AM,FALSE
Soupfoamcont12oz 112con,$2.13 ,USD,United States,US,8/17/2024,4:14 PM,FALSE
"Beef - Roasted, Cooked",$6.61 ,IDR,Indonesia,ID,9/5/2024,9:46 PM,FALSE
Beef - Diced,$4.21 ,CNY,China,CN,11/22/2023,5:16 AM,FALSE
Cake - Bande Of Fruit,$3.75 ,IDR,Indonesia,ID,4/8/2024,3:06 PM,TRUE
Zucchini - Green,$6.22 ,CNY,China,CN,10/25/2024,10:46 AM,FALSE
Marzipan 50/50,$2.99 ,CNY,China,CN,4/10/2024,9:48 PM,FALSE
"Stock - Chicken, White",$2.81 ,KZT,Kazakhstan,KZ,10/6/2024,3:00 PM,TRUE
Tomatoes - Cherry,$4.00 ,EUR,France,FR,10/6/2024,9:47 AM,TRUE
Crackers Cheez It,$4.96 ,CNY,China,CN,12/9/2023,11:39 PM,TRUE
Black Currants,$4.52 ,CNY,China,CN,11/18/2024,2:52 PM,FALSE
Cheese - Grana Padano,$6.73 ,CNY,China,CN,10/29/2024,9:58 PM,TRUE
Water - Tonic,$5.07 ,DOP,Dominican Republic,DO,9/30/2024,10:16 AM,TRUE
"Sugar - Sweet N Low, Individual",$2.06 ,EUR,Portugal,PT,7/27/2024,5:42 AM,TRUE
"Wine - Red, Marechal Foch",$2.88 ,CNY,China,CN,4/7/2024,2:36 PM,FALSE
Bagel - 12 Grain Preslice,$9.82 ,CNY,China,CN,11/28/2023,6:30 AM,TRUE
"Olives - Green, Pitted",$8.85 ,BRL,Brazil,BR,12/12/2023,4:35 PM,TRUE
Cheese Cloth No 60,$7.94 ,ZMW,Zambia,ZM,7/14/2024,10:58 PM,FALSE
Bagelers,$0.97 ,BRL,Brazil,BR,7/4/2024,6:19 AM,TRUE
Mikes Hard Lemonade,$8.21 ,CNY,China,CN,3/29/2024,2:32 AM,FALSE
Food Colouring - Orange,$5.36 ,IDR,Indonesia,ID,5/23/2024,12:45 PM,TRUE
"Cheese - Romano, Grated",$7.44 ,TZS,Tanzania,TZ,12/10/2023,7:32 AM,FALSE
Potatoes - Idaho 100 Count,$1.15 ,PHP,Philippines,PH,3/4/2024,9:58 AM,FALSE
Versatainer Nc - 9388,$6.77 ,UAH,Ukraine,UA,5/2/2024,11:37 AM,TRUE
Chicken Thigh - Bone Out,$1.35 ,RSD,Serbia,RS,8/8/2024,1:18 AM,FALSE
White Fish - Filets,$7.86 ,IDR,Indonesia,ID,9/19/2024,10:21 AM,FALSE
Langers - Cranberry Cocktail,$4.83 ,RUB,Russia,RU,11/10/2023,1:30 AM,TRUE
Jameson Irish Whiskey,$1.02 ,EUR,Latvia,LV,5/15/2024,10:21 PM,FALSE
"Lamb - Loin, Trimmed, Boneless",$1.67 ,NOK,Norway,NO,11/19/2024,4:55 AM,FALSE
Cake - Bande Of Fruit,$3.18 ,EUR,Portugal,PT,4/3/2024,5:24 AM,FALSE
Onion - Dried,$3.50 ,BRL,Brazil,BR,7/18/2024,11:33 AM,FALSE
Plastic Wrap,$2.88 ,USD,United States,US,1/12/2024,12:03 AM,TRUE
Longos - Greek Salad,$4.14 ,RUB,Russia,RU,4/11/2024,3:53 PM,TRUE
"Trout - Rainbow, Frozen",$6.41 ,ARS,Argentina,AR,8/5/2024,2:21 PM,TRUE
Five Alive Citrus,$0.72 ,BYR,Belarus,BY,8/2/2024,8:22 AM,FALSE
Green Tea Refresher,$3.94 ,CAD,Canada,CA,9/23/2024,6:46 PM,TRUE
Mikes Hard Lemonade,$6.79 ,IDR,Indonesia,ID,9/27/2024,7:57 PM,FALSE
Salt And Pepper Mix - Black,$9.90 ,SEK,Sweden,SE,5/13/2024,5:21 AM,TRUE
Turkey Tenderloin Frozen,$5.98 ,EUR,France,FR,10/16/2024,5:24 PM,FALSE
Thyme - Dried,$0.12 ,ARS,Argentina,AR,1/26/2024,9:18 PM,FALSE
Pork - Ham Hocks - Smoked,$3.73 ,ARS,Argentina,AR,11/18/2024,2:36 PM,TRUE
Chocolate - Dark Callets,$6.42 ,CAD,Canada,CA,3/26/2024,8:59 PM,TRUE
Appetizer - Tarragon Chicken,$2.43 ,JPY,Japan,JP,1/17/2024,12:46 AM,FALSE
"Veal - Inside, Choice",$5.45 ,IDR,Indonesia,ID,6/18/2024,9:19 PM,TRUE
Amaretto,$4.03 ,THB,Thailand,TH,12/14/2023,10:00 PM,TRUE
Chambord Royal,$3.99 ,HTG,Haiti,HT,4/16/2024,10:25 PM,FALSE
Piping Jelly - All Colours,$6.86 ,SEK,Sweden,SE,5/27/2024,11:26 PM,TRUE
"Wine - Red, Gallo, Merlot",$4.77 ,CNY,China,CN,2/12/2024,2:55 PM,TRUE
Tray - 16in Rnd Blk,$1.00 ,RUB,Russia,RU,5/19/2024,4:35 AM,FALSE
Quiche Assorted,$9.91 ,PLN,Poland,PL,5/2/2024,8:57 PM,TRUE
"Brocolinni - Gaylan, Chinese",$3.68 ,PLN,Poland,PL,12/22/2023,8:40 AM,FALSE
Plastic Arrow Stir Stick,$3.65 ,EUR,Spain,ES,3/25/2024,2:48 AM,FALSE
Scallops - In Shell,$5.71 ,MAD,Morocco,MA,5/24/2024,2:48 AM,FALSE
Steel Wool,$2.99 ,CNY,China,CN,9/3/2024,8:17 PM,TRUE
Lettuce - Romaine,$4.11 ,GBP,United Kingdom,GB,5/14/2024,11:13 PM,FALSE
"Gin - Gilbeys London, Dry",$6.22 ,MDL,Moldova,MD,9/2/2024,12:16 PM,FALSE
Hold Up Tool Storage Rack,$0.90 ,CNY,China,CN,11/5/2023,9:09 PM,FALSE
Jam - Raspberry,$0.15 ,PLN,Poland,PL,12/16/2023,1:15 AM,TRUE
Ecolab - Hobart Washarm End Cap,$5.54 ,USD,United States,US,10/18/2024,4:06 AM,FALSE
Salt - Seasoned,$7.24 ,EUR,France,FR,10/29/2024,12:43 PM,TRUE
Tofu - Soft,$8.64 ,RUB,Russia,RU,2/27/2024,9:48 PM,FALSE
"Cookies - Oreo, 4 Pack",$0.89 ,AOA,Angola,AO,8/14/2024,12:53 PM,FALSE
Wine - Gewurztraminer Pierre,$3.36 ,RUB,Russia,RU,5/13/2024,10:03 PM,FALSE
Spinach - Baby,$0.58 ,RUB,Russia,RU,6/19/2024,1:44 PM,FALSE
Ezy Change Mophandle,$3.03 ,CNY,China,CN,2/12/2024,1:02 PM,FALSE
"Nut - Pine Nuts, Whole",$3.82 ,NAD,Namibia,NA,11/4/2024,4:17 AM,TRUE
Napkin Colour,$0.27 ,SEK,Sweden,SE,5/16/2024,9:08 PM,FALSE
Asparagus - Frozen,$5.01 ,CNY,China,CN,9/1/2024,5:30 PM,FALSE
Creme De Menth - White,$3.22 ,EUR,Portugal,PT,9/3/2024,1:20 PM,FALSE
Foil - Round Foil,$5.41 ,MXN,Mexico,MX,1/3/2024,8:00 PM,FALSE
"Appetizer - Mini Egg Roll, Shrimp",$8.28 ,IDR,Indonesia,ID,2/3/2024,1:29 PM,TRUE
Langers - Cranberry Cocktail,$6.63 ,IDR,Indonesia,ID,5/24/2024,12:45 PM,FALSE
Halibut - Fletches,$3.99 ,CNY,China,CN,9/19/2024,1:49 AM,TRUE
Cookies - Englishbay Wht,$2.77 ,CNY,China,CN,3/16/2024,3:01 PM,FALSE
Soy Protein,$3.69 ,NZD,Tokelau,TK,9/6/2024,8:39 PM,TRUE
"Turkey - Breast, Boneless Sk On",$0.24 ,IDR,Indonesia,ID,12/3/2023,7:58 AM,FALSE
"Cheese - Cheddar, Mild",$4.39 ,MXN,Mexico,MX,2/9/2024,9:30 PM,FALSE
Cake - Cheese Cake 9 Inch,$2.07 ,PHP,Philippines,PH,11/9/2024,5:58 PM,FALSE
Cabbage - Nappa,$9.44 ,BRL,Brazil,BR,5/10/2024,4:53 AM,TRUE
Veal - Bones,$5.67 ,PHP,Philippines,PH,12/14/2023,4:50 AM,TRUE
Beef - Tender Tips,$4.28 ,PHP,Philippines,PH,10/15/2024,11:03 PM,TRUE
"Lemonade - Island Tea, 591 Ml",$2.92 ,UZS,Uzbekistan,UZ,8/17/2024,11:54 AM,FALSE
Emulsifier,$9.59 ,EUR,Portugal,PT,11/15/2024,8:43 AM,TRUE
"Quail - Whole, Boneless",$4.96 ,UAH,Ukraine,UA,3/24/2024,3:41 AM,FALSE
"Pork - Tenderloin, Frozen",$4.02 ,ARS,Argentina,AR,3/18/2024,11:46 AM,FALSE
"Nut - Pecan, Halves",$9.15 ,EUR,Portugal,PT,5/5/2024,5:56 AM,TRUE
"Chocolate - Pistoles, White",$8.23 ,USD,United States,US,12/16/2023,1:58 AM,TRUE
"Wine - Mas Chicet Rose, Vintage",$8.47 ,PLN,Poland,PL,3/26/2024,5:37 AM,FALSE
Caviar - Salmon,$7.25 ,CNY,China,CN,1/5/2024,6:32 PM,TRUE
Mince Meat - Filling,$1.26 ,IDR,Indonesia,ID,2/20/2024,11:20 AM,TRUE
Rice Paper,$6.06 ,CNY,China,CN,4/22/2024,10:27 PM,FALSE
"Nut - Walnut, Pieces",$8.95 ,CNY,China,CN,3/28/2024,11:51 PM,FALSE
Versatainer Nc - 9388,$9.84 ,IDR,Indonesia,ID,7/5/2024,1:05 PM,TRUE
Appetizer - Smoked Salmon / Dill,$5.31 ,MNT,Mongolia,MN,6/17/2024,2:48 AM,TRUE
Corn Kernels - Frozen,$2.53 ,PHP,Philippines,PH,9/13/2024,1:27 PM,TRUE
Beef - Tenderloin - Aa,$2.60 ,BRL,Brazil,BR,5/6/2024,2:14 AM,TRUE
Pork - Back Ribs,$5.21 ,XOF,Ivory Coast,CI,5/7/2024,11:19 PM,TRUE
Venison - Liver,$0.27 ,CNY,China,CN,9/23/2024,7:10 AM,FALSE
Oil - Grapeseed Oil,$3.25 ,IDR,Indonesia,ID,8/5/2024,2:03 AM,FALSE
Lid - 16 Oz And 32 Oz,$4.55 ,EUR,Greece,GR,11/15/2023,9:18 PM,TRUE
Pastry - Trippleberry Muffin - Mini,$4.52 ,CNY,China,CN,7/20/2024,12:41 PM,FALSE
V8 Splash Strawberry Kiwi,$1.06 ,PHP,Philippines,PH,3/22/2024,9:39 PM,FALSE
"Soup - Cream Of Broccoli, Dry",$7.61 ,XOF,Niger,NE,4/21/2024,10:37 AM,TRUE
Eggplant - Regular,$3.16 ,PLN,Poland,PL,4/6/2024,1:17 PM,FALSE
Pepper - Sorrano,$4.16 ,COP,Colombia,CO,4/10/2024,3:04 PM,FALSE
Scrubbie - Scotchbrite Hand Pad,$4.12 ,RUB,Russia,RU,10/26/2024,6:04 AM,TRUE
Tray - 12in Rnd Blk,$3.26 ,EUR,Ireland,IE,1/27/2024,12:31 PM,FALSE
"Extract - Vanilla,artificial",$7.84 ,PHP,Philippines,PH,7/5/2024,9:23 AM,TRUE
Tea - Herbal I Love Lemon,$8.10 ,EUR,Andorra,AD,2/7/2024,4:20 PM,FALSE
"Tendrils - Baby Pea, Organic",$2.96 ,CNY,China,CN,7/12/2024,1:24 AM,TRUE
Sausage - Liver,$9.34 ,NOK,Norway,NO,12/11/2023,5:14 AM,FALSE
Island Oasis - Magarita Mix,$4.67 ,CNY,China,CN,1/4/2024,6:38 PM,TRUE
Aspic - Light,$8.93 ,SAR,Saudi Arabia,SA,4/9/2024,5:35 AM,FALSE
The Pop Shoppe - Lime Rickey,$4.78 ,RUB,Russia,RU,5/25/2024,11:41 PM,TRUE
Extract - Raspberry,$9.57 ,IDR,Indonesia,ID,2/22/2024,5:47 AM,TRUE
Danishes - Mini Raspberry,$1.57 ,EUR,Portugal,PT,1/14/2024,8:31 AM,FALSE
Dry Ice,$9.79 ,CNY,China,CN,10/27/2024,8:46 PM,FALSE
Longos - Grilled Chicken With,$8.68 ,CZK,Czech Republic,CZ,8/4/2024,12:13 AM,FALSE
Slt - Individual Portions,$9.59 ,NGN,Nigeria,NG,3/28/2024,6:39 AM,TRUE
Bread - Raisin,$5.63 ,CNY,China,CN,10/14/2024,6:24 PM,FALSE
Bay Leaf,$7.68 ,CNY,China,CN,12/21/2023,2:28 PM,FALSE
Wine - Sauvignon Blanc,$4.21 ,CNY,China,CN,11/5/2024,12:33 PM,FALSE
Steampan - Foil,$1.10 ,CNY,China,CN,4/9/2024,2:38 PM,TRUE
Cattail Hearts,$6.00 ,COP,Colombia,CO,9/13/2024,1:13 PM,TRUE
Magnotta - Bel Paese White,$4.39 ,KZT,Kazakhstan,KZ,5/2/2024,12:25 PM,TRUE
Table Cloth 81x81 Colour,$8.44 ,VND,Vietnam,VN,11/9/2023,5:00 PM,FALSE
Pop Shoppe Cream Soda,$7.27 ,EUR,Aland Islands,AX,4/15/2024,4:29 PM,TRUE
Vinegar - White Wine,$9.77 ,RUB,Russia,RU,4/25/2024,5:29 PM,FALSE
Crackers - Water,$5.27 ,CZK,Czech Republic,CZ,6/2/2024,5:45 AM,TRUE
Cheese - Marble,$6.15 ,MRO,Mauritania,MR,10/15/2024,10:03 AM,TRUE
Cups 10oz Trans,$9.51 ,RUB,Russia,RU,4/5/2024,11:32 AM,FALSE
Sauce - Alfredo,$5.56 ,YER,Yemen,YE,9/19/2024,4:14 AM,FALSE
"Rice Pilaf, Dry,package",$2.65 ,PLN,Poland,PL,5/14/2024,3:27 AM,FALSE
Guinea Fowl,$7.97 ,BRL,Brazil,BR,11/5/2023,9:27 PM,TRUE
"Chocolate - Pistoles, Lactee, Milk",$4.44 ,USD,United States,US,4/24/2024,11:16 PM,TRUE
Beer - Sleeman Fine Porter,$0.69 ,EUR,France,FR,7/26/2024,3:59 PM,TRUE
Broom - Angled,$2.98 ,IDR,Indonesia,ID,6/18/2024,9:12 AM,TRUE
Vodka - Moskovskaya,$3.91 ,CZK,Czech Republic,CZ,5/30/2024,8:38 AM,FALSE
Napkin White - Starched,$8.26 ,THB,Thailand,TH,10/14/2024,4:41 AM,FALSE
Eggplant Oriental,$3.74 ,VND,Vietnam,VN,10/26/2024,10:14 AM,TRUE
"Pork - Bacon, Sliced",$10.00 ,CNY,China,CN,11/10/2023,11:42 PM,TRUE
Sage Ground Wiberg,$5.15 ,XAF,Chad,TD,7/1/2024,9:41 AM,FALSE
Jicama,$6.31 ,BRL,Brazil,BR,11/20/2024,1:16 AM,FALSE
"Yogurt - Raspberry, 175 Gr",$1.81 ,COP,Colombia,CO,5/2/2024,11:16 AM,TRUE
Pork - Liver,$4.47 ,THB,Thailand,TH,2/18/2024,7:45 AM,TRUE
Wine - Ice Wine,$1.89 ,CNY,China,CN,12/5/2023,4:38 AM,FALSE
"Ice - Clear, 300 Lb For Carving",$4.50 ,QAR,Qatar,QA,3/24/2024,12:24 PM,FALSE
Bread - Italian Roll With Herbs,$5.81 ,AMD,Armenia,AM,12/4/2023,11:59 AM,TRUE
Jello - Assorted,$4.06 ,IDR,Indonesia,ID,10/5/2024,1:02 PM,TRUE
Scallops - Live In Shell,$6.87 ,CNY,China,CN,8/15/2024,7:05 AM,TRUE
Milk - 2% 250 Ml,$5.33 ,IDR,Indonesia,ID,11/16/2024,2:39 PM,FALSE
"Stock - Chicken, White",$5.11 ,CNY,China,CN,5/6/2024,7:31 PM,FALSE
"Beans - Kidney, Red Dry",$8.81 ,PLN,Poland,PL,10/8/2024,5:39 AM,FALSE
Bread - Raisin Walnut Oval,$4.50 ,IDR,Indonesia,ID,11/10/2023,5:16 PM,FALSE
Gelatine Leaves - Bulk,$5.39 ,BRL,Brazil,BR,6/24/2024,10:22 AM,TRUE
Grenadillo,$3.99 ,COP,Colombia,CO,7/8/2024,5:31 PM,FALSE
Squid - U 5,$2.73 ,YER,Yemen,YE,3/15/2024,12:50 AM,TRUE
"Beef - Rouladin, Sliced",$2.01 ,EUR,Estonia,EE,2/5/2024,6:25 AM,TRUE
"Soup - Campbells, Lentil",$9.43 ,VEF,Venezuela,VE,12/8/2023,10:27 AM,FALSE
"Tomatoes - Vine Ripe, Yellow",$0.22 ,CNY,China,CN,9/20/2024,2:02 PM,TRUE
Strawberries - California,$1.00 ,PHP,Philippines,PH,2/27/2024,10:52 PM,FALSE
Cream - 35%,$3.28 ,CNY,China,CN,6/23/2024,12:49 AM,FALSE
"Salsify, Organic",$7.90 ,USD,United States,US,8/23/2024,11:54 PM,TRUE
Soupcontfoam16oz 116con,$9.63 ,BWP,Botswana,BW,4/5/2024,9:53 AM,FALSE
Raspberries - Fresh,$1.12 ,ARS,Argentina,AR,12/26/2023,9:02 AM,FALSE
Bread Base - Italian,$3.18 ,CNY,China,CN,12/23/2023,5:49 AM,TRUE
Cheese - Pied De Vents,$8.24 ,USD,United States,US,8/30/2024,8:06 AM,TRUE
English Muffin,$9.28 ,CNY,China,CN,1/6/2024,1:10 PM,TRUE
"Bread - Bagels, Plain",$3.08 ,IDR,Indonesia,ID,3/17/2024,1:03 AM,TRUE
"Beef - Chuck, Boneless",$0.87 ,IDR,Indonesia,ID,3/21/2024,9:17 PM,TRUE
Veal - Eye Of Round,$7.67 ,IDR,Indonesia,ID,3/30/2024,3:31 AM,FALSE
Marzipan 50/50,$1.28 ,SEK,Sweden,SE,5/31/2024,7:20 AM,FALSE
Vanilla Beans,$0.02 ,IDR,Indonesia,ID,2/1/2024,8:13 PM,TRUE
Egg Patty Fried,$0.78 ,HRK,Croatia,HR,7/14/2024,10:11 AM,TRUE
"Beef - Cooked, Corned",$6.57 ,NPR,Nepal,NP,9/20/2024,3:45 PM,FALSE
Pail With Metal Handle 16l White,$2.91 ,ARS,Argentina,AR,12/11/2023,1:26 AM,TRUE
Toothpick Frilled,$7.96 ,EUR,France,FR,4/26/2024,6:20 PM,FALSE
Papayas,$4.78 ,UAH,Ukraine,UA,5/30/2024,10:31 PM,TRUE
Oil - Olive,$5.56 ,IDR,Indonesia,ID,2/11/2024,2:13 AM,FALSE
Plasticknivesblack,$2.92 ,IDR,Indonesia,ID,6/3/2024,10:34 AM,TRUE
Table Cloth - 53x69 Colour,$8.47 ,IDR,Indonesia,ID,12/30/2023,7:24 AM,TRUE
"Beef - Outside, Round",$2.52 ,EUR,France,FR,1/30/2024,8:41 AM,FALSE
Bagel - Whole White Sesame,$0.40 ,ARS,Argentina,AR,11/21/2024,6:01 AM,TRUE
Steampan Lid,$7.84 ,MXN,Mexico,MX,7/16/2024,5:08 AM,TRUE
Energy Drink,$3.48 ,RUB,Russia,RU,9/30/2024,10:36 PM,FALSE
Turkey - Oven Roast Breast,$1.79 ,COP,Colombia,CO,7/23/2024,4:14 AM,TRUE
Gelatine Powder,$6.03 ,GEL,Georgia,GE,7/27/2024,7:49 PM,TRUE
Wine - Stoneliegh Sauvignon,$2.33 ,EUR,France,FR,4/1/2024,12:00 AM,TRUE
Nut - Macadamia,$7.57 ,PHP,Philippines,PH,1/31/2024,3:09 AM,FALSE
Vanilla Beans,$3.91 ,EUR,Portugal,PT,5/13/2024,9:26 AM,TRUE
"Beef - Tongue, Fresh",$8.76 ,JPY,Japan,JP,9/22/2024,5:53 PM,FALSE
"Yogurt - Peach, 175 Gr",$7.81 ,RUB,Russia,RU,2/27/2024,4:30 PM,FALSE
Lettuce - Baby Salad Greens,$2.40 ,EUR,Portugal,PT,10/23/2024,11:39 PM,TRUE
Dr. Pepper - 355ml,$9.90 ,CNY,China,CN,3/1/2024,7:45 AM,TRUE
Sugar - Cubes,$1.73 ,ILS,Palestinian Territory,PS,11/30/2023,12:23 AM,FALSE
Cake - Miini Cheesecake Cherry,$7.86 ,IDR,Indonesia,ID,4/28/2024,6:38 PM,TRUE
Chicken - Livers,$3.77 ,ARS,Argentina,AR,11/21/2023,8:21 AM,TRUE
Spice - Paprika,$5.90 ,ARS,Argentina,AR,2/4/2024,9:34 AM,FALSE
Wine - Casillero Del Diablo,$0.18 ,CNY,China,CN,8/27/2024,3:36 PM,FALSE
Muffin Mix - Carrot,$2.45 ,VND,Vietnam,VN,11/1/2023,9:31 AM,FALSE
"Wine - Red, Marechal Foch",$4.73 ,CNY,China,CN,5/6/2024,10:12 PM,FALSE
"Yogurt - Blueberry, 175 Gr",$8.12 ,JOD,Jordan,JO,5/6/2024,11:36 PM,TRUE
Salt - Sea,$9.28 ,KRW,South Korea,KR,1/18/2024,9:47 AM,FALSE
Lighter - Bbq,$2.04 ,PHP,Philippines,PH,5/23/2024,3:10 AM,FALSE
Dried Apple,$4.05 ,HTG,Haiti,HT,9/7/2024,5:01 AM,TRUE
Thyme - Dried,$3.17 ,TZS,Tanzania,TZ,5/13/2024,9:58 AM,FALSE
Pork Loin Bine - In Frenched,$0.34 ,CNY,China,CN,7/1/2024,3:01 PM,TRUE
Compound - Passion Fruit,$1.67 ,CNY,China,CN,11/9/2023,5:57 PM,FALSE
Wiberg Super Cure,$2.76 ,RUB,Russia,RU,12/28/2023,2:35 AM,FALSE
Apples - Spartan,$1.79 ,CNY,China,CN,11/5/2023,4:42 AM,TRUE
Ecolab - Mikroklene 4/4 L,$6.91 ,TMT,Turkmenistan,TM,9/6/2024,4:29 AM,FALSE
Beets,$3.00 ,CNY,China,CN,3/17/2024,8:03 PM,TRUE
Eggwhite Frozen,$6.35 ,PLN,Poland,PL,1/2/2024,7:46 AM,FALSE
Mints - Striped Red,$3.51 ,CNY,China,CN,11/12/2023,4:43 PM,FALSE
Sobe - Liz Blizz,$9.78 ,UAH,Ukraine,UA,8/19/2024,2:42 AM,TRUE
Butcher Twine 4r,$2.94 ,PLN,Poland,PL,8/29/2024,3:05 PM,FALSE
Pork - Side Ribs,$7.56 ,CNY,China,CN,3/7/2024,6:40 PM,FALSE
Veal - Bones,$3.55 ,IDR,Indonesia,ID,5/10/2024,11:23 AM,TRUE
"Sauce - Black Current, Dry Mix",$3.04 ,MNT,Mongolia,MN,2/25/2024,1:32 PM,TRUE
"Veal - Insides, Grains",$4.01 ,CNY,China,CN,12/8/2023,3:33 PM,TRUE
Pie Shell - 5,$4.23 ,ETB,Ethiopia,ET,5/21/2024,10:02 PM,FALSE
"Ice - Clear, 300 Lb For Carving",$4.31 ,CZK,Czech Republic,CZ,10/11/2024,12:37 AM,FALSE
"Water - Mineral, Carbonated",$4.88 ,RUB,Russia,RU,1/29/2024,10:00 PM,FALSE
"Peas - Pigeon, Dry",$8.16 ,PHP,Philippines,PH,4/17/2024,8:28 PM,TRUE
Hummus - Spread,$5.95 ,PEN,Peru,PE,7/18/2024,12:54 PM,TRUE
Brandy Cherry - Mcguinness,$4.59 ,CNY,China,CN,9/5/2024,12:01 PM,FALSE
Longos - Chicken Cordon Bleu,$0.18 ,PHP,Philippines,PH,4/24/2024,10:55 PM,FALSE
Cheese Cheddar Processed,$8.28 ,DKK,Denmark,DK,7/15/2024,6:18 PM,TRUE
Duck - Fat,$2.13 ,CNY,China,CN,3/7/2024,1:44 PM,FALSE
Monkfish Fresh - Skin Off,$2.48 ,EUR,France,FR,5/26/2024,1:35 PM,TRUE
"Wine - Red, Gallo, Merlot",$8.46 ,COP,Colombia,CO,3/12/2024,5:13 AM,FALSE
"Beans - Turtle, Black, Dry",$0.58 ,VEF,Venezuela,VE,10/20/2024,1:26 PM,TRUE
Wine - Rhine Riesling Wolf Blass,$3.74 ,PLN,Poland,PL,1/12/2024,6:01 AM,FALSE
Beer - Creemore,$9.20 ,SAR,Saudi Arabia,SA,8/4/2024,5:15 PM,TRUE
"Lid - Translucent, 3.5 And 6 Oz",$0.37 ,EUR,Portugal,PT,7/20/2024,10:40 AM,FALSE
"Pesto - Primerba, Paste",$5.50 ,CNY,China,CN,12/12/2023,5:46 AM,FALSE
Sugar - Splenda Sweetener,$3.56 ,UAH,Ukraine,UA,10/12/2024,12:37 PM,TRUE
Wine - Rosso Del Veronese Igt,$8.20 ,PLN,Poland,PL,12/6/2023,11:09 AM,FALSE
"Pork - Back, Long Cut, Boneless",$6.88 ,CNY,China,CN,6/7/2024,2:06 PM,TRUE
Soup Bowl Clear 8oz92008,$5.09 ,USD,United States,US,2/11/2024,5:19 PM,FALSE
Rice - Sushi,$1.43 ,EUR,Spain,ES,5/6/2024,4:16 AM,TRUE
Bay Leaf Fresh,$5.06 ,COP,Colombia,CO,8/7/2024,12:25 PM,TRUE
Cookies Oatmeal Raisin,$8.34 ,BRL,Brazil,BR,8/6/2024,10:31 AM,FALSE
Flavouring - Raspberry,$3.72 ,CNY,China,CN,10/3/2024,9:04 PM,FALSE
Lettuce Romaine Chopped,$6.58 ,CZK,Czech Republic,CZ,3/2/2024,1:07 PM,TRUE
Pastry - Raisin Muffin - Mini,$7.09 ,UAH,Ukraine,UA,7/22/2024,9:13 AM,FALSE
Coriander - Seed,$5.09 ,CNY,China,CN,5/3/2024,1:33 AM,TRUE
Lettuce - Spring Mix,$1.32 ,EUR,France,FR,9/19/2024,5:03 PM,TRUE
"Pasta - Tortellini, Fresh",$3.28 ,RUB,Russia,RU,1/2/2024,9:10 PM,FALSE
Fondant - Icing,$9.92 ,PHP,Philippines,PH,2/4/2024,3:16 PM,TRUE
Transfer Sheets,$1.80 ,IDR,Indonesia,ID,5/19/2024,1:23 PM,TRUE
Wine - Mondavi Coastal Private,$7.50 ,SEK,Sweden,SE,7/24/2024,10:59 PM,TRUE
Tomato - Peeled Italian Canned,$2.30 ,CNY,China,CN,12/31/2023,2:13 AM,TRUE
Trout Rainbow Whole,$5.17 ,NGN,Nigeria,NG,6/15/2024,8:50 AM,FALSE
Bagel - Everything,$2.29 ,EUR,Greece,GR,2/18/2024,9:15 PM,FALSE
"Jam - Marmalade, Orange",$6.30 ,IDR,Indonesia,ID,5/27/2024,3:54 AM,TRUE
Scrubbie - Scotchbrite Hand Pad,$5.03 ,SEK,Sweden,SE,6/12/2024,1:01 PM,FALSE
"Stock - Beef, Brown",$8.14 ,CNY,China,CN,10/8/2024,3:27 PM,TRUE
Evaporated Milk - Skim,$4.46 ,CNY,China,CN,1/16/2024,2:03 PM,FALSE
"Soup - Beef Conomme, Dry",$8.40 ,AOA,Angola,AO,8/31/2024,9:45 AM,FALSE
Cookie Chocolate Chip With,$4.96 ,SEK,Sweden,SE,11/18/2023,4:14 AM,FALSE
Tomatoes - Grape,$2.59 ,CNY,China,CN,5/22/2024,4:02 AM,FALSE
Coffee - French Vanilla Frothy,$4.13 ,AFN,Afghanistan,AF,7/12/2024,6:29 PM,TRUE
Beef - Kobe Striploin,$5.09 ,PYG,Paraguay,PY,9/20/2024,5:15 PM,FALSE
Beef - Texas Style Burger,$2.63 ,PHP,Philippines,PH,10/23/2024,2:42 AM,FALSE
"Cod - Salted, Boneless",$5.01 ,EUR,Greece,GR,5/4/2024,11:40 AM,TRUE
Kirsch - Schloss,$2.99 ,CNY,China,CN,2/6/2024,8:49 PM,FALSE
Chocolate Bar - Smarties,$4.60 ,EUR,Finland,FI,3/16/2024,3:59 PM,FALSE
Wine - George Duboeuf Rose,$9.96 ,EUR,France,FR,12/17/2023,3:09 AM,TRUE
Glaze - Apricot,$6.21 ,EUR,Portugal,PT,4/13/2024,4:47 AM,TRUE
Tilapia - Fillets,$0.88 ,CNY,China,CN,10/16/2024,5:50 PM,FALSE
Mix - Cocktail Strawberry Daiquiri,$9.28 ,SDG,Sudan,SD,11/5/2023,2:28 PM,TRUE
"Wine - White, Mosel Gold",$5.98 ,NOK,Norway,NO,3/27/2024,7:42 AM,TRUE
"Cod - Salted, Boneless",$3.87 ,CNY,China,CN,7/29/2024,8:37 PM,TRUE
Lamb - Loin Chops,$4.89 ,SEK,Sweden,SE,5/7/2024,3:58 PM,TRUE
"Liners - Banana, Paper",$5.04 ,THB,Thailand,TH,4/13/2024,3:30 PM,FALSE
Capers - Ox Eye Daisy,$5.30 ,HRK,Croatia,HR,8/15/2024,5:44 AM,FALSE
"Coffee - Colombian, Portioned",$0.72 ,AMD,Armenia,AM,2/2/2024,5:08 PM,FALSE
Syrup - Monin - Granny Smith,$0.94 ,RUB,Russia,RU,11/29/2023,10:37 AM,FALSE
Pork - Belly Fresh,$6.76 ,ARS,Argentina,AR,4/1/2024,12:40 AM,TRUE
Buttons,$7.86 ,COP,Colombia,CO,6/24/2024,12:49 PM,TRUE
Napkin Colour,$6.28 ,AZN,Azerbaijan,AZ,10/16/2024,12:09 PM,FALSE
Hipnotiq Liquor,$4.01 ,EUR,Portugal,PT,3/7/2024,11:46 PM,FALSE
Assorted Desserts,$0.46 ,PHP,Philippines,PH,11/3/2024,6:54 PM,TRUE
Tea - Black Currant,$9.72 ,GBP,United Kingdom,GB,1/23/2024,11:00 AM,TRUE
Grouper - Fresh,$7.23 ,PLN,Poland,PL,5/21/2024,10:35 PM,FALSE
Wine - Hardys Bankside Shiraz,$7.26 ,JPY,Japan,JP,4/12/2024,8:01 PM,TRUE
Langers - Mango Nectar,$2.56 ,RUB,Russia,RU,11/30/2023,2:09 PM,TRUE
Island Oasis - Sweet And Sour Mix,$1.35 ,CNY,China,CN,7/17/2024,8:51 PM,FALSE
Nantucket - Kiwi Berry Cktl.,$5.57 ,CNY,China,CN,2/1/2024,5:38 PM,FALSE
"Mushrooms - Black, Dried",$3.32 ,COP,Colombia,CO,7/14/2024,1:24 AM,FALSE
Sherry - Dry,$8.53 ,COP,Colombia,CO,10/30/2024,6:28 AM,FALSE
V8 Splash Strawberry Kiwi,$7.96 ,NGN,Nigeria,NG,7/20/2024,11:29 PM,TRUE
Soup - Campbells Mac N Cheese,$9.54 ,RUB,Russia,RU,4/28/2024,2:50 AM,FALSE
Sandwich Wrap,$9.38 ,EUR,Portugal,PT,3/24/2024,11:13 AM,FALSE
Schnappes Peppermint - Walker,$7.48 ,RUB,Russia,RU,1/11/2024,8:58 PM,FALSE
Compound - Rum,$4.70 ,RUB,Russia,RU,4/15/2024,6:00 AM,FALSE
Curry Powder,$6.92 ,SEK,Sweden,SE,8/6/2024,10:25 AM,FALSE
"Cheese - Cheddar, Mild",$8.41 ,UAH,Ukraine,UA,11/11/2024,3:17 PM,FALSE
Tomatoes Tear Drop,$3.96 ,CNY,China,CN,10/28/2024,10:12 AM,TRUE
"Coconut - Shredded, Unsweet",$6.01 ,BDT,Bangladesh,BD,4/14/2024,6:40 AM,FALSE
Pastry - Lemon Danish - Mini,$5.51 ,CNY,China,CN,5/19/2024,12:59 AM,FALSE
Sausage - Meat,$9.81 ,CNY,China,CN,1/2/2024,2:51 AM,FALSE
"Lamb - Leg, Diced",$3.15 ,RUB,Russia,RU,3/5/2024,11:40 AM,FALSE
Pastry - Banana Tea Loaf,$5.24 ,EUR,Portugal,PT,1/29/2024,7:04 AM,FALSE
Sauce - Alfredo,$0.67 ,EUR,Portugal,PT,11/4/2023,3:48 PM,TRUE
Compound - Rum,$5.37 ,HRK,Croatia,HR,4/4/2024,12:42 PM,TRUE
Island Oasis - Sweet And Sour Mix,$0.84 ,EUR,France,FR,3/10/2024,1:37 AM,TRUE
Salt - Seasoned,$1.02 ,LTL,Lithuania,LT,11/16/2024,7:28 PM,FALSE
Tea Leaves - Oolong,$0.45 ,KZT,Kazakhstan,KZ,3/22/2024,8:23 AM,FALSE
Cumin - Whole,$6.28 ,EUR,France,FR,6/21/2024,4:05 AM,TRUE
"Lamb - Pieces, Diced",$9.04 ,PEN,Peru,PE,1/19/2024,9:50 AM,FALSE
Sultanas,$4.95 ,CNY,China,CN,8/8/2024,8:05 AM,FALSE
Soup - Campbells,$3.91 ,EUR,Greece,GR,2/16/2024,2:40 AM,FALSE
Ham - Cooked Bayonne Tinned,$2.43 ,CNY,China,CN,10/15/2024,2:01 AM,TRUE
Wine - Rosso Del Veronese Igt,$8.63 ,CNY,China,CN,2/6/2024,1:01 PM,TRUE
Lid - 16 Oz And 32 Oz,$1.88 ,AFN,Afghanistan,AF,1/5/2024,8:45 PM,TRUE
Pastry - Plain Baked Croissant,$5.71 ,PLN,Poland,PL,4/29/2024,11:00 PM,TRUE
Pear - Packum,$2.35 ,JPY,Japan,JP,10/9/2024,1:59 PM,TRUE
"Wine - Red, Colio Cabernet",$0.79 ,CNY,China,CN,8/5/2024,2:41 PM,TRUE
"Sugar - Brown, Individual",$5.55 ,CNY,China,CN,4/24/2024,8:46 PM,TRUE
Coffee Guatemala Dark,$0.16 ,CZK,Czech Republic,CZ,2/1/2024,3:42 AM,TRUE
Corn Syrup,$8.70 ,EUR,France,FR,9/17/2024,4:07 PM,TRUE
Soup - Campbells Mac N Cheese,$4.37 ,USD,United States,US,6/24/2024,7:49 PM,TRUE
Chocolate Bar - Reese Pieces,$5.76 ,SEK,Sweden,SE,11/2/2024,12:34 AM,TRUE
Toamtoes 6x7 Select,$5.35 ,RUB,Russia,RU,10/15/2024,4:16 PM,FALSE
Beef Cheek Fresh,$4.99 ,BDT,Bangladesh,BD,12/2/2023,5:35 PM,TRUE
Rootbeer,$5.67 ,PLN,Poland,PL,9/3/2024,11:25 PM,FALSE
Tamarillo,$4.48 ,KPW,North Korea,KP,9/14/2024,2:28 AM,TRUE
Juice - Lime,$4.71 ,TND,Tunisia,TN,4/8/2024,4:14 AM,TRUE
Turkey - Ground. Lean,$8.67 ,CAD,Canada,CA,3/28/2024,6:48 PM,FALSE
Madeira,$1.92 ,CNY,China,CN,11/2/2023,1:57 PM,TRUE
Beer - Sleemans Honey Brown,$7.38 ,IDR,Indonesia,ID,11/4/2023,7:27 AM,FALSE
"Cheese - Brie, Triple Creme",$4.74 ,IDR,Indonesia,ID,3/4/2024,2:43 PM,FALSE
"Orange - Canned, Mandarin",$8.22 ,PHP,Philippines,PH,2/22/2024,3:11 PM,FALSE
Flower - Carnations,$1.48 ,BRL,Brazil,BR,6/9/2024,1:31 AM,TRUE
Puree - Blackcurrant,$9.64 ,QAR,Qatar,QA,6/16/2024,1:04 AM,FALSE
Bread Base - Gold Formel,$0.98 ,UGX,Uganda,UG,1/6/2024,7:10 AM,TRUE
Rum - Mount Gay Eclipes,$7.40 ,IDR,Indonesia,ID,5/21/2024,10:44 AM,FALSE
Seedlings - Clamshell,$2.84 ,CNY,China,CN,5/14/2024,5:02 PM,FALSE
Energy Drink Red Bull,$6.52 ,EUR,Italy,IT,10/13/2024,1:03 PM,FALSE
"Beans - Navy, Dry",$2.15 ,RUB,Russia,RU,2/23/2024,8:47 PM,FALSE
Saskatoon Berries - Frozen,$9.43 ,VEF,Venezuela,VE,5/21/2024,9:40 AM,TRUE
Wine - Prosecco Valdobiaddene,$5.02 ,YER,Yemen,YE,8/27/2024,5:38 PM,TRUE
Oil - Sunflower,$7.46 ,KWD,Kuwait,KW,8/13/2024,10:16 AM,FALSE
"Ice - Clear, 300 Lb For Carving",$3.20 ,PYG,Paraguay,PY,11/3/2023,5:34 AM,FALSE
Olives - Morracan Dired,$1.35 ,PHP,Philippines,PH,3/6/2024,7:47 PM,FALSE
Wine - Magnotta - Cab Sauv,$1.26 ,EUR,Portugal,PT,7/19/2024,5:29 AM,TRUE
Sproutsmustard Cress,$1.34 ,RUB,Russia,RU,1/1/2024,12:09 PM,TRUE
Cookie - Oreo 100x2,$4.06 ,CZK,Czech Republic,CZ,3/24/2024,11:35 PM,TRUE
Flour - Cake,$2.28 ,RUB,Russia,RU,5/26/2024,10:26 PM,TRUE
Garbage Bag - Clear,$5.79 ,AFN,Afghanistan,AF,7/13/2024,3:44 AM,TRUE
Water - Evian 355 Ml,$8.18 ,IDR,Indonesia,ID,1/22/2024,1:45 AM,FALSE
Yoplait Drink,$0.67 ,LTL,Lithuania,LT,2/12/2024,8:04 AM,TRUE
Muffin Hinge - 211n,$6.10 ,IDR,Indonesia,ID,5/21/2024,3:47 AM,TRUE
Island Oasis - Banana Daiquiri,$2.59 ,CNY,China,CN,11/30/2023,3:10 AM,TRUE
"Ecolab - Orange Frc, Cleaner",$2.68 ,RWF,Rwanda,RW,1/26/2024,9:02 AM,FALSE
Napkin - Beverage 1 Ply,$6.70 ,XOF,Ivory Coast,CI,4/25/2024,6:19 AM,FALSE
Pears - Bosc,$3.69 ,CNY,China,CN,3/13/2024,11:23 AM,TRUE
Bonito Flakes - Toku Katsuo,$5.03 ,IDR,Indonesia,ID,2/3/2024,12:29 AM,TRUE
Creme De Banane - Marie,$3.55 ,EUR,Italy,IT,4/10/2024,4:38 PM,FALSE
Bagel - 12 Grain Preslice,$8.10 ,EUR,Germany,DE,11/3/2024,9:20 AM,FALSE
Danishes - Mini Raspberry,$2.02 ,CNY,China,CN,8/26/2024,1:46 PM,TRUE
Cheese Cloth No 60,$7.90 ,EUR,Portugal,PT,6/15/2024,9:53 AM,TRUE
Apricots - Halves,$7.23 ,CNY,China,CN,8/24/2024,12:04 AM,TRUE
"Wine - Red, Cabernet Sauvignon",$1.64 ,CNY,China,CN,6/8/2024,7:10 AM,TRUE
Cheese - Grana Padano,$1.62 ,SEK,Sweden,SE,11/24/2023,2:12 PM,FALSE
Pears - Bosc,$5.66 ,PLN,Poland,PL,9/27/2024,7:58 PM,FALSE
Beef - Flank Steak,$9.82 ,CAD,Canada,CA,4/15/2024,10:15 PM,FALSE
Dill Weed - Fresh,$1.01 ,COP,Colombia,CO,9/24/2024,10:03 AM,TRUE
"Capon - Breast, Double, Wing On",$0.56 ,CNY,China,CN,2/19/2024,9:59 PM,FALSE
Pail With Metal Handle 16l White,$1.56 ,ARS,Argentina,AR,5/18/2024,5:36 PM,FALSE
Snapple Lemon Tea,$8.58 ,EUR,Ireland,IE,9/24/2024,11:35 PM,FALSE
"Pepper - Paprika, Spanish",$9.58 ,CNY,China,CN,1/5/2024,5:36 PM,FALSE
Nantuket Peach Orange,$3.00 ,SEK,Sweden,SE,4/24/2024,1:30 PM,TRUE
"Bread - Roll, Canadian Dinner",$7.56 ,JPY,Japan,JP,7/4/2024,4:07 AM,FALSE
"Sprite, Diet - 355ml",$7.08 ,EUR,France,FR,4/12/2024,12:29 AM,TRUE
Silicone Parch. 16.3x24.3,$6.32 ,PHP,Philippines,PH,10/16/2024,11:04 AM,FALSE
Maintenance Removal Charge,$3.82 ,TMT,Turkmenistan,TM,10/28/2024,9:02 AM,FALSE
Syrup - Pancake,$2.87 ,IDR,Indonesia,ID,11/26/2023,1:18 AM,TRUE
Corn Meal,$9.06 ,CNY,China,CN,1/11/2024,2:28 AM,FALSE
Soup - Campbells - Chicken Noodle,$3.62 ,CNY,China,CN,1/15/2024,1:27 PM,TRUE
"Tendrils - Baby Pea, Organic",$4.67 ,NOK,Norway,NO,1/9/2024,12:08 PM,TRUE
Appetiser - Bought,$5.71 ,THB,Thailand,TH,4/17/2024,6:58 PM,FALSE
Chickensplit Half,$7.59 ,RSD,Serbia,RS,10/18/2024,1:02 PM,FALSE
Alize Red Passion,$8.90 ,CRC,Costa Rica,CR,3/27/2024,8:16 AM,TRUE
Mcguinness - Blue Curacao,$2.38 ,CAD,Canada,CA,8/8/2024,6:33 PM,TRUE
Steam Pan Full Lid,$5.98 ,CAD,Canada,CA,11/14/2024,11:35 AM,FALSE
Chickhen - Chicken Phyllo,$7.87 ,PHP,Philippines,PH,5/30/2024,5:30 AM,FALSE
Calypso - Pineapple Passion,$8.58 ,CNY,China,CN,5/27/2024,11:37 PM,FALSE
Versatainer Nc - 9388,$2.15 ,XPF,New Caledonia,NC,8/6/2024,7:34 PM,TRUE
Baking Powder,$1.61 ,CNY,China,CN,6/17/2024,1:42 PM,FALSE
Sausage - Meat,$9.15 ,TND,Tunisia,TN,8/25/2024,8:56 AM,TRUE
Extract - Rum,$7.48 ,UAH,Ukraine,UA,5/14/2024,1:02 AM,TRUE
Tomatoes - Cherry,$6.15 ,CNY,China,CN,11/20/2024,1:21 AM,FALSE
Bar - Granola Trail Mix Fruit Nut,$7.62 ,PHP,Philippines,PH,9/28/2024,3:24 PM,TRUE
Soup - Campbells Chili Veg,$9.35 ,VEF,Venezuela,VE,1/4/2024,12:29 PM,FALSE
Orange Roughy 6/8 Oz,$1.20 ,UAH,Ukraine,UA,8/9/2024,2:23 PM,FALSE
"Bread - Roll, Soft White Round",$8.99 ,EUR,Greece,GR,1/30/2024,2:20 PM,TRUE
"Nut - Peanut, Roasted",$1.96 ,IDR,Indonesia,ID,7/15/2024,7:56 AM,TRUE
"Cheese - Manchego, Spanish",$1.99 ,IDR,Indonesia,ID,11/8/2023,2:30 AM,FALSE
Pork - Bacon Cooked Slcd,$9.46 ,PLN,Poland,PL,6/9/2024,5:15 AM,TRUE
Pur Value,$0.64 ,CNY,China,CN,3/6/2024,9:40 AM,TRUE
Muffin Mix - Lemon Cranberry,$6.89 ,EUR,Greece,GR,11/24/2023,9:13 PM,TRUE
Rye Special Old,$2.44 ,EUR,Italy,IT,8/28/2024,11:00 AM,TRUE
English Muffin,$4.11 ,IDR,Indonesia,ID,7/13/2024,3:55 AM,TRUE
Wine - Duboeuf Beaujolais,$2.45 ,JPY,Japan,JP,5/16/2024,12:43 PM,TRUE
Pepper - Chilli Seeds Mild,$3.14 ,EUR,French Guiana,GF,2/22/2024,10:01 AM,TRUE
Longos - Chicken Wings,$5.26 ,BBD,Barbados,BB,10/20/2024,7:17 PM,FALSE
Syrup - Chocolate,$9.82 ,RUB,Russia,RU,9/11/2024,12:16 PM,TRUE
Wine - Marlbourough Sauv Blanc,$8.69 ,PLN,Poland,PL,7/29/2024,7:56 AM,TRUE
Veal - Bones,$7.36 ,THB,Thailand,TH,1/5/2024,9:38 PM,FALSE
"Stock - Veal, Brown",$2.80 ,XAF,Cameroon,CM,5/26/2024,12:53 PM,TRUE
"Wine - Red, Colio Cabernet",$2.02 ,EUR,Finland,FI,9/15/2024,9:08 AM,TRUE
Milk - 2%,$8.08 ,HNL,Honduras,HN,11/22/2023,2:53 AM,FALSE
Bread - English Muffin,$2.78 ,CNY,China,CN,3/6/2024,2:03 AM,TRUE
Mustard - Dijon,$1.38 ,BRL,Brazil,BR,5/17/2024,10:01 PM,FALSE
"Pasta - Tortellini, Fresh",$5.37 ,IDR,Indonesia,ID,5/11/2024,11:06 AM,FALSE
Cookie Trail Mix,$5.40 ,PEN,Peru,PE,3/22/2024,2:12 AM,TRUE
Snapple Raspberry Tea,$4.92 ,PLN,Poland,PL,4/2/2024,7:49 PM,TRUE
Sproutsmustard Cress,$1.78 ,THB,Thailand,TH,10/13/2024,12:30 AM,FALSE
Bread - Italian Roll With Herbs,$0.64 ,IDR,Indonesia,ID,3/1/2024,7:06 PM,TRUE
Salmon - Sockeye Raw,$0.51 ,MXN,Mexico,MX,1/25/2024,4:00 PM,FALSE
"Soup - Canadian Pea, Dry Mix",$1.94 ,EUR,France,FR,10/21/2024,1:38 PM,FALSE
Cookie - Oreo 100x2,$8.71 ,XAF,Chad,TD,11/10/2023,4:29 PM,TRUE
Dikon,$5.61 ,CNY,China,CN,2/16/2024,4:16 PM,TRUE
Crackers - Water,$7.80 ,JPY,Japan,JP,1/1/2024,10:25 PM,TRUE
Tomato Paste,$2.03 ,CNY,China,CN,6/28/2024,10:45 AM,FALSE
Canadian Emmenthal,$0.29 ,USD,United States,US,2/21/2024,4:58 PM,TRUE
Sauce - Salsa,$1.75 ,PEN,Peru,PE,2/13/2024,2:16 PM,TRUE
Dragon Fruit,$5.21 ,IDR,Indonesia,ID,4/5/2024,8:23 AM,FALSE
"Wine - White, Ej Gallo",$5.50 ,EUR,Greece,GR,3/14/2024,3:19 AM,FALSE
Soup Campbells Mexicali Tortilla,$6.58 ,CNY,China,CN,3/20/2024,7:59 AM,TRUE
Wine - Chablis J Moreau Et Fils,$8.99 ,SEK,Sweden,SE,11/30/2023,10:14 PM,TRUE
Juice - Lime,$0.93 ,RUB,Russia,RU,1/25/2024,3:00 PM,FALSE
Venison - Liver,$9.91 ,UYU,Uruguay,UY,2/22/2024,10:29 PM,TRUE
Cheese - Roquefort Pappillon,$6.20 ,IDR,Indonesia,ID,4/25/2024,2:29 AM,TRUE
"Pepper - Black, Whole",$9.94 ,CNY,China,CN,11/21/2024,3:27 PM,TRUE
Sobe - Lizard Fuel,$0.82 ,JPY,Japan,JP,10/22/2024,2:14 PM,FALSE
Cocoa Butter,$0.58 ,EUR,Finland,FI,9/16/2024,3:28 PM,FALSE
"Wine - Red, Lurton Merlot De",$8.79 ,IDR,Indonesia,ID,8/12/2024,2:27 PM,FALSE
Crab Brie In Phyllo,$4.40 ,EUR,France,FR,6/18/2024,4:33 AM,FALSE
Crackers Cheez It,$9.18 ,PLN,Poland,PL,8/12/2024,6:41 AM,TRUE
Extract - Raspberry,$7.72 ,EGP,Egypt,EG,2/22/2024,5:23 PM,FALSE
Wine - Acient Coast Caberne,$0.12 ,CNY,China,CN,8/23/2024,3:07 PM,TRUE
Wine - Tio Pepe Sherry Fino,$9.01 ,DKK,Faroe Islands,FO,2/24/2024,6:10 AM,FALSE
Smoked Paprika,$3.66 ,PHP,Philippines,PH,6/4/2024,10:56 AM,FALSE
Avocado,$6.17 ,JOD,Jordan,JO,11/10/2024,11:20 AM,FALSE
"Red Snapper - Fillet, Skin On",$7.85 ,PEN,Peru,PE,11/30/2023,7:14 PM,TRUE
Transfer Sheets,$8.64 ,LSL,Lesotho,LS,1/29/2024,12:05 AM,TRUE
Oil - Grapeseed Oil,$9.93 ,CNY,China,CN,7/28/2024,9:02 AM,TRUE
Lighter - Bbq,$9.17 ,ARS,Argentina,AR,11/3/2024,7:38 PM,FALSE
"Wine - Magnotta, White",$9.48 ,CNY,China,CN,9/6/2024,9:13 PM,FALSE
"Soup - Campbells, Spinach Crm",$7.00 ,RUB,Russia,RU,2/10/2024,2:57 AM,FALSE
Crab - Meat Combo,$1.31 ,AFN,Afghanistan,AF,5/27/2024,3:15 AM,FALSE
"Chocolate - Pistoles, White",$1.48 ,MAD,Morocco,MA,10/17/2024,7:26 PM,TRUE
Cup Translucent 9 Oz,$7.49 ,EUR,France,FR,10/2/2024,4:03 AM,FALSE
Bacon Strip Precooked,$6.27 ,AFN,Afghanistan,AF,8/8/2024,12:04 PM,FALSE
Spice - Peppercorn Melange,$6.92 ,EUR,Greece,GR,5/10/2024,10:56 AM,FALSE
"Veal - Brisket, Provimi,bnls",$7.73 ,IDR,Indonesia,ID,4/16/2024,11:57 PM,FALSE
Onions - Green,$6.23 ,CNY,China,CN,10/29/2024,4:09 AM,FALSE
Cakes Assorted,$0.68 ,EUR,Portugal,PT,12/21/2023,8:10 AM,TRUE
Snails - Large Canned,$3.66 ,USD,United States,US,9/22/2024,7:34 PM,TRUE
Scallops - 20/30,$2.78 ,PEN,Peru,PE,2/14/2024,9:27 AM,TRUE
Coffee Cup 16oz Foam,$9.02 ,EUR,France,FR,7/14/2024,12:00 AM,TRUE
Chinese Foods - Chicken Wing,$0.22 ,CNY,China,CN,7/16/2024,6:25 AM,TRUE
Herb Du Provence - Primerba,$2.25 ,XAF,Cameroon,CM,1/24/2024,2:49 PM,FALSE
"Champagne - Brights, Dry",$9.47 ,EUR,France,FR,6/28/2024,5:47 PM,FALSE
Oil - Grapeseed Oil,$2.44 ,CNY,China,CN,11/21/2023,8:51 AM,FALSE
"Cup - 3.5oz, Foam",$1.00 ,EUR,Portugal,PT,11/9/2024,4:36 AM,TRUE
Coffee - Hazelnut Cream,$2.03 ,JPY,Japan,JP,3/16/2024,6:50 AM,TRUE
Langers - Ruby Red Grapfruit,$4.29 ,SAR,Saudi Arabia,SA,8/23/2024,9:43 PM,TRUE
Soupfoamcont12oz 112con,$4.17 ,BRL,Brazil,BR,6/30/2024,2:33 PM,TRUE
Maple Syrup,$8.73 ,CNY,China,CN,4/4/2024,12:48 AM,TRUE
"Carrots - Mini, Stem On",$1.50 ,CNY,China,CN,10/13/2024,7:46 PM,TRUE
Chicken Thigh - Bone Out,$3.41 ,IDR,Indonesia,ID,6/12/2024,11:50 PM,TRUE
Chinese Foods - Chicken Wing,$7.09 ,PLN,Poland,PL,4/20/2024,2:01 AM,FALSE
Tart - Lemon,$6.54 ,IDR,Indonesia,ID,4/16/2024,9:27 AM,TRUE
"Pork - Loin, Center Cut",$4.03 ,IDR,Indonesia,ID,6/21/2024,12:11 AM,FALSE
Soup - Campbells,$0.33 ,EUR,France,FR,12/27/2023,10:13 AM,TRUE
Wine - Casablanca Valley,$3.25 ,PLN,Poland,PL,1/1/2024,4:25 PM,TRUE
Cod - Fillets,$3.11 ,ILS,Palestinian Territory,PS,5/10/2024,10:02 PM,TRUE
"Chicken - Wings, Tip Off",$9.94 ,BRL,Brazil,BR,12/7/2023,11:28 PM,FALSE
Dr. Pepper - 355ml,$3.63 ,USD,United States,US,7/3/2024,11:22 PM,FALSE
"Soup - Knorr, Country Bean",$5.22 ,XPF,French Polynesia,PF,10/3/2024,4:57 PM,FALSE
Higashimaru Usukuchi Soy,$1.38 ,NIO,Nicaragua,NI,11/7/2023,6:10 AM,FALSE
"Wine - Mas Chicet Rose, Vintage",$7.05 ,ZAR,South Africa,ZA,4/29/2024,6:37 PM,TRUE
Butter - Unsalted,$1.21 ,PAB,Panama,PA,3/27/2024,5:25 PM,TRUE
Bread - Italian Roll With Herbs,$2.69 ,CNY,China,CN,10/7/2024,6:08 PM,TRUE
Nacho Chips,$2.05 ,IDR,Indonesia,ID,5/12/2024,1:27 AM,FALSE
Energy Drink,$9.00 ,CNY,China,CN,6/8/2024,6:05 PM,FALSE
Heavy Duty Dust Pan,$9.04 ,CNY,China,CN,10/29/2024,7:36 PM,TRUE
Crab - Soft Shell,$2.03 ,CNY,China,CN,11/19/2023,11:08 AM,TRUE
Wine - Chateauneuf Du Pape,$3.13 ,UAH,Ukraine,UA,8/31/2024,9:28 AM,TRUE
Arizona - Green Tea,$3.17 ,USD,United States,US,8/8/2024,7:26 PM,TRUE
Bread - Multigrain,$0.29 ,KPW,North Korea,KP,11/7/2024,6:08 AM,TRUE
Sole - Fillet,$8.46 ,RUB,Russia,RU,6/15/2024,4:41 PM,TRUE
"Mushrooms - Black, Dried",$0.47 ,EUR,Portugal,PT,1/24/2024,5:52 AM,FALSE
Table Cloth 54x72 White,$3.80 ,PLN,Poland,PL,2/7/2024,11:10 AM,FALSE
Longos - Cheese Tortellini,$7.74 ,CZK,Czech Republic,CZ,1/6/2024,2:24 PM,FALSE
Cheese - Gouda Smoked,$6.29 ,UAH,Ukraine,UA,7/11/2024,4:14 PM,TRUE
Puff Pastry - Sheets,$9.23 ,RUB,Russia,RU,11/17/2024,7:26 PM,FALSE
Cleaner - Pine Sol,$2.02 ,CLP,Chile,CL,11/25/2023,8:24 PM,TRUE
"Lamb - Loin, Trimmed, Boneless",$3.44 ,JPY,Japan,JP,7/9/2024,7:57 PM,FALSE
Sour Puss - Tangerine,$9.05 ,CNY,China,CN,8/3/2024,6:15 AM,TRUE
Oil - Canola,$9.87 ,CZK,Czech Republic,CZ,2/6/2024,3:46 PM,TRUE
"Lamb - Whole Head Off,nz",$1.01 ,PLN,Poland,PL,11/25/2023,12:44 PM,TRUE
"Bread - Roll, Whole Wheat",$7.30 ,THB,Thailand,TH,4/12/2024,2:24 PM,TRUE
"Chicken - Leg, Fresh",$6.19 ,EUR,Ireland,IE,3/23/2024,5:25 AM,TRUE
Corn - Mini,$9.28 ,CNY,China,CN,6/7/2024,3:09 AM,FALSE
French Kiss Vanilla,$5.78 ,VND,Vietnam,VN,12/10/2023,6:34 PM,TRUE
Cheese - Cottage Cheese,$8.02 ,CNY,China,CN,3/7/2024,6:47 PM,TRUE
Vinegar - Raspberry,$8.32 ,PHP,Philippines,PH,2/23/2024,2:45 PM,TRUE
Cabbage - Savoy,$6.99 ,AMD,Armenia,AM,11/12/2024,12:04 PM,TRUE
Muffin Mix - Oatmeal,$9.84 ,IDR,Indonesia,ID,11/15/2024,5:47 AM,TRUE
"Fish - Scallops, Cold Smoked",$5.10 ,COP,Colombia,CO,5/18/2024,11:34 PM,TRUE
"Cherries - Maraschino,jar",$1.74 ,CNY,China,CN,6/16/2024,5:24 AM,TRUE
Artichokes - Jerusalem,$2.81 ,IDR,Indonesia,ID,6/20/2024,2:32 AM,TRUE
Scallops - 20/30,$5.75 ,IDR,Indonesia,ID,3/15/2024,6:00 PM,TRUE
Cheese Cloth,$5.20 ,CNY,China,CN,7/3/2024,12:53 AM,FALSE
"Lid - Translucent, 3.5 And 6 Oz",$7.85 ,BRL,Brazil,BR,3/24/2024,2:34 PM,TRUE
Truffle Paste,$2.08 ,UAH,Ukraine,UA,12/6/2023,3:13 AM,TRUE
Nut - Macadamia,$1.04 ,CNY,China,CN,8/2/2024,10:18 PM,TRUE
Squid U5 - Thailand,$0.41 ,CNY,China,CN,11/29/2023,11:48 PM,FALSE
Muffin Chocolate Individual Wrap,$9.75 ,BRL,Brazil,BR,3/12/2024,9:49 PM,FALSE
Honey - Liquid,$6.56 ,SYP,Syria,SY,7/1/2024,2:00 AM,FALSE
Hog / Sausage Casing - Pork,$6.65 ,JMD,Jamaica,JM,10/12/2024,8:59 AM,TRUE
Water - Spring Water 500ml,$7.79 ,EUR,Latvia,LV,11/9/2023,8:45 AM,FALSE
Cookies Oatmeal Raisin,$3.36 ,EUR,Portugal,PT,8/4/2024,5:04 AM,FALSE
"Oil - Olive, Extra Virgin",$8.27 ,EUR,Slovakia,SK,11/14/2023,9:12 PM,TRUE
"Cheese - Havarti, Roasted Garlic",$1.22 ,USD,United States,US,7/9/2024,11:28 AM,FALSE
Breadfruit,$2.62 ,CNY,China,CN,3/24/2024,1:50 PM,TRUE
Wine - Magnotta - Pinot Gris Sr,$9.03 ,MXN,Mexico,MX,7/15/2024,9:52 AM,TRUE
Chicken - Whole Fryers,$3.18 ,TJS,Tajikistan,TJ,4/14/2024,7:57 AM,TRUE
"Fish - Atlantic Salmon, Cold",$3.14 ,PKR,Pakistan,PK,12/10/2023,11:58 AM,FALSE
Wine - Chateau Timberlay,$4.63 ,USD,United States,US,9/14/2024,2:08 PM,FALSE
Broom - Push,$0.35 ,PHP,Philippines,PH,11/18/2024,12:07 PM,FALSE
"Nut - Walnut, Chopped",$2.94 ,CNY,China,CN,12/21/2023,2:50 AM,TRUE
Wine - Gewurztraminer Pierre,$6.91 ,USD,United States,US,10/27/2024,4:47 PM,TRUE
Brandy Apricot,$9.17 ,IDR,Indonesia,ID,7/21/2024,4:01 PM,FALSE
Coffee - Espresso,$8.39 ,UYU,Uruguay,UY,12/2/2023,5:21 PM,TRUE
Potatoes - Parissienne,$8.79 ,BRL,Brazil,BR,11/3/2023,6:10 PM,TRUE
Table Cloth 54x54 White,$2.48 ,ALL,Albania,AL,2/11/2024,5:13 PM,FALSE
Fudge - Cream Fudge,$3.34 ,CNY,China,CN,8/25/2024,7:55 PM,TRUE
Orange - Blood,$8.95 ,PLN,Poland,PL,11/4/2023,6:56 AM,FALSE
Whmis - Spray Bottle Trigger,$6.78 ,COP,Colombia,CO,10/5/2024,8:44 AM,TRUE
Wheat - Soft Kernal Of Wheat,$5.17 ,BRL,Brazil,BR,10/18/2024,5:59 PM,FALSE
Wine - Valpolicella Masi,$5.09 ,EUR,Portugal,PT,7/4/2024,8:15 PM,FALSE
Juice - Prune,$4.81 ,SDG,Sudan,SD,12/24/2023,12:52 AM,FALSE
"Cheese - Mozzarella, Shredded",$6.86 ,IDR,Indonesia,ID,11/21/2024,4:48 PM,TRUE
Scrubbie - Scotchbrite Hand Pad,$8.31 ,AUD,Australia,AU,1/6/2024,7:13 AM,FALSE
Maintenance Removal Charge,$2.87 ,CNY,China,CN,6/15/2024,5:06 AM,FALSE
Compound - Strawberry,$2.68 ,BYR,Belarus,BY,6/8/2024,9:35 AM,TRUE
Jolt Cola - Red Eye,$3.29 ,RUB,Russia,RU,5/29/2024,1:40 AM,FALSE
Lettuce - Arugula,$3.62 ,NOK,Norway,NO,8/17/2024,1:28 PM,TRUE
"Coconut - Shredded, Unsweet",$2.27 ,USD,United States,US,5/16/2024,11:16 AM,TRUE
Pumpkin - Seed,$1.97 ,CNY,China,CN,12/13/2023,2:05 AM,FALSE
Wine - Hardys Bankside Shiraz,$3.51 ,CNY,China,CN,1/13/2024,1:01 AM,FALSE
Shrimp - 31/40,$5.42 ,EUR,France,FR,3/13/2024,1:12 PM,FALSE
Puff Pastry - Sheets,$8.20 ,VEF,Venezuela,VE,11/17/2023,9:28 AM,FALSE
Onions - Cippolini,$0.17 ,CNY,China,CN,4/2/2024,4:38 PM,FALSE
V8 Splash Strawberry Banana,$8.51 ,CNY,China,CN,5/1/2024,2:14 AM,FALSE
"Coffee - Colombian, Portioned",$5.47 ,GTQ,Guatemala,GT,11/13/2024,2:43 PM,TRUE
Thyme - Dried,$2.19 ,CNY,China,CN,5/9/2024,1:25 AM,FALSE
Plaintain,$6.28 ,SEK,Sweden,SE,5/26/2024,5:38 PM,FALSE
Trout Rainbow Whole,$8.35 ,CNY,China,CN,6/29/2024,8:53 AM,FALSE
Arizona - Green Tea,$9.72 ,BRL,Brazil,BR,3/1/2024,12:51 PM,FALSE
Oil - Cooking Spray,$0.88 ,CNY,China,CN,6/6/2024,5:26 PM,FALSE
Muffin Hinge 117n,$8.35 ,IDR,Indonesia,ID,5/6/2024,6:03 AM,FALSE
Gloves - Goldtouch Disposable,$7.13 ,CNY,China,CN,11/10/2024,11:21 AM,TRUE
Puree - Kiwi,$7.79 ,USD,Ecuador,EC,5/13/2024,12:02 PM,FALSE
"Wine - Red, Metus Rose",$1.78 ,PLN,Poland,PL,2/1/2024,2:55 AM,FALSE
Pastrami,$5.78 ,XOF,Senegal,SN,12/7/2023,3:07 AM,FALSE
Flower - Dish Garden,$1.04 ,CNY,China,CN,5/25/2024,2:51 PM,TRUE
Cookie Double Choco,$1.97 ,CNY,China,CN,11/17/2023,10:42 AM,TRUE
Ecolab - Hobart Washarm End Cap,$4.42 ,BRL,Brazil,BR,11/5/2024,11:59 AM,FALSE
Salmon - Canned,$0.03 ,NGN,Nigeria,NG,10/12/2024,9:01 AM,FALSE
"Beef - Roasted, Cooked",$1.09 ,EUR,France,FR,6/18/2024,2:14 AM,FALSE
Glucose,$4.30 ,NGN,Nigeria,NG,1/14/2024,11:29 PM,FALSE
"Napkin - Beverge, White 2 - Ply",$2.19 ,GHS,Ghana,GH,11/8/2023,11:33 AM,FALSE
Coconut - Whole,$9.39 ,ZMW,Zambia,ZM,1/10/2024,6:57 PM,TRUE
Ginger - Ground,$6.85 ,MKD,Macedonia,MK,7/20/2024,4:27 PM,TRUE
Catfish - Fillets,$2.69 ,EUR,France,FR,11/25/2023,12:43 PM,FALSE
Chips Potato Reg 43g,$6.84 ,PLN,Poland,PL,10/7/2024,3:33 AM,FALSE
Country Roll,$7.71 ,CNY,China,CN,1/13/2024,8:05 AM,TRUE
Beans - Yellow,$1.83 ,PHP,Philippines,PH,4/19/2024,6:36 PM,TRUE
Eggplant Oriental,$4.76 ,RUB,Russia,RU,6/6/2024,4:54 AM,FALSE
Skirt - 29 Foot,$7.75 ,PHP,Philippines,PH,2/1/2024,9:52 AM,TRUE
Sugar - White Packet,$0.33 ,COP,Colombia,CO,3/16/2024,5:45 PM,FALSE
Pork Loin Cutlets,$5.52 ,RUB,Russia,RU,9/27/2024,10:35 AM,TRUE
Swordfish Loin Portions,$4.04 ,IDR,Indonesia,ID,11/16/2024,1:49 AM,FALSE
Hot Chocolate - Individual,$2.95 ,EUR,Finland,FI,2/8/2024,4:05 AM,FALSE
Potatoes - Peeled,$5.10 ,CNY,China,CN,4/4/2024,10:10 AM,FALSE
Jerusalem Artichoke,$3.34 ,RSD,Serbia,RS,8/21/2024,10:07 AM,FALSE
"Potatoes - Yukon Gold, 80 Ct",$3.12 ,RUB,Russia,RU,4/19/2024,7:45 AM,TRUE
Pork Ham Prager,$5.13 ,XAF,Cameroon,CM,7/24/2024,8:07 AM,FALSE
"Beans - Black Bean, Dry",$7.87 ,BRL,Brazil,BR,2/17/2024,11:39 AM,TRUE
Ice Cream Bar - Drumstick,$2.94 ,EUR,Portugal,PT,4/27/2024,6:12 AM,TRUE
Sauce - Plum,$6.80 ,IDR,Indonesia,ID,6/26/2024,3:36 PM,TRUE
"Tart Shells - Savory, 2",$0.98 ,COP,Colombia,CO,9/30/2024,2:24 PM,TRUE
Kale - Red,$7.74 ,CNY,China,CN,2/8/2024,1:44 AM,TRUE
Wine - Chateau Timberlay,$7.18 ,EUR,Finland,FI,10/27/2024,8:34 PM,FALSE
"Bread - Roll, Italian",$3.00 ,COP,Colombia,CO,2/12/2024,7:04 AM,FALSE
"Salmon - Smoked, Sliced",$3.57 ,CNY,China,CN,12/19/2023,9:17 AM,TRUE
Onions - Red,$0.00 ,ALL,Albania,AL,10/24/2024,4:11 PM,FALSE
Broccoli - Fresh,$7.85 ,UAH,Ukraine,UA,10/6/2024,3:59 AM,FALSE
Dooleys Toffee,$4.34 ,HTG,Haiti,HT,7/7/2024,7:14 PM,TRUE
Barley - Pearl,$7.28 ,CNY,China,CN,6/19/2024,8:38 AM,TRUE
Pork - Belly Fresh,$9.48 ,EUR,France,FR,11/2/2023,12:45 AM,TRUE
Anchovy Paste - 56 G Tube,$4.82 ,IDR,Indonesia,ID,4/14/2024,3:14 PM,FALSE
Soup Campbells Split Pea And Ham,$7.79 ,CNY,China,CN,4/12/2024,8:50 AM,FALSE
Venison - Liver,$9.79 ,PHP,Philippines,PH,11/3/2024,1:43 PM,TRUE
Hinge W Undercut,$2.21 ,PHP,Philippines,PH,11/26/2023,9:35 AM,TRUE
Cocoa Powder - Natural,$5.42 ,CZK,Czech Republic,CZ,12/12/2023,1:17 AM,FALSE
Lobak,$0.59 ,EUR,Greece,GR,7/23/2024,6:41 PM,TRUE
Sour Puss - Tangerine,$3.85 ,RUB,Russia,RU,11/5/2023,6:48 AM,FALSE
"Butter - Salted, Micro",$8.48 ,CNY,China,CN,10/31/2024,7:19 PM,FALSE
Pork - Inside,$6.94 ,CNY,China,CN,12/3/2023,9:08 AM,TRUE
Wine - Segura Viudas Aria Brut,$0.72 ,JPY,Japan,JP,9/8/2024,6:44 AM,FALSE
Savory,$8.65 ,CZK,Czech Republic,CZ,2/2/2024,11:23 PM,TRUE
Skewers - Bamboo,$0.30 ,NGN,Nigeria,NG,6/28/2024,2:48 PM,FALSE
Oats Large Flake,$9.99 ,PHP,Philippines,PH,11/13/2024,9:02 PM,TRUE
Duck - Legs,$1.72 ,SEK,Sweden,SE,2/20/2024,7:02 AM,TRUE
Coffee Cup 12oz 5342cd,$7.56 ,UYU,Uruguay,UY,11/12/2023,10:09 PM,FALSE
Tea - Decaf 1 Cup,$5.40 ,CNY,China,CN,11/21/2024,5:10 PM,TRUE
Celery Root,$7.90 ,MXN,Mexico,MX,11/9/2024,11:15 PM,TRUE
Lemonade - Pineapple Passion,$6.30 ,CNY,China,CN,12/21/2023,9:44 AM,TRUE
Cookies Cereal Nut,$9.62 ,CNY,China,CN,4/9/2024,1:43 PM,TRUE
"Wine - Cahors Ac 2000, Clos",$0.83 ,SEK,Sweden,SE,1/22/2024,5:57 PM,FALSE
Amaretto,$7.94 ,ARS,Argentina,AR,10/5/2024,8:47 AM,FALSE
Plasticspoonblack,$0.78 ,JPY,Japan,JP,1/27/2024,9:18 PM,TRUE
Soup - Campbellschix Stew,$6.74 ,USD,United States,US,9/14/2024,7:01 PM,TRUE
"Cherries - Bing, Canned",$6.76 ,CZK,Czech Republic,CZ,6/29/2024,6:26 AM,TRUE
"Chocolate - Milk, Callets",$9.32 ,SEK,Sweden,SE,2/16/2024,8:21 AM,FALSE
"Tomatoes - Diced, Canned",$9.04 ,EUR,France,FR,11/7/2023,5:17 PM,FALSE
"Mushroom - Chanterelle, Dry",$1.52 ,KRW,South Korea,KR,10/2/2024,10:52 PM,TRUE
Veal - Ground,$4.32 ,NGN,Nigeria,NG,6/6/2024,3:11 PM,TRUE
Salt - Table,$4.75 ,CNY,China,CN,10/5/2024,5:05 PM,FALSE
Lid Tray - 12in Dome,$9.90 ,RUB,Russia,RU,6/14/2024,9:14 AM,TRUE
Beef - Montreal Smoked Brisket,$3.01 ,ILS,Palestinian Territory,PS,1/19/2024,12:24 AM,TRUE
Glucose,$5.57 ,IDR,Indonesia,ID,11/6/2024,1:39 AM,FALSE
Mushroom - Crimini,$0.48 ,EUR,Greece,GR,6/8/2024,1:42 AM,FALSE
Boogies,$0.80 ,SLL,Sierra Leone,SL,7/7/2024,7:39 PM,TRUE
Oil - Sesame,$6.07 ,SEK,Sweden,SE,1/30/2024,6:34 AM,FALSE
Veal - Kidney,$2.34 ,RUB,Russia,RU,9/8/2024,1:35 AM,TRUE
Ketchup - Tomato,$7.15 ,CNY,China,CN,9/12/2024,12:14 PM,FALSE
Tarts Assorted,$3.57 ,USD,United States,US,11/13/2023,10:42 AM,FALSE
"Mushroom - Chanterelle, Dry",$9.57 ,IDR,Indonesia,ID,8/27/2024,6:25 AM,TRUE
Cilantro / Coriander - Fresh,$9.41 ,CNY,China,CN,9/24/2024,5:12 PM,FALSE
Truffle - Whole Black Peeled,$7.02 ,CNY,China,CN,11/17/2024,9:02 AM,TRUE
Hummus - Spread,$9.64 ,CAD,Canada,CA,6/12/2024,3:23 AM,FALSE
Cake - Box Window 10x10x2.5,$0.25 ,CNY,China,CN,2/8/2024,2:04 AM,TRUE
Danishes - Mini Raspberry,$9.59 ,CNY,China,CN,8/29/2024,8:36 AM,FALSE
Wine - Sawmill Creek Autumn,$5.18 ,CNY,China,CN,6/24/2024,9:36 AM,FALSE
Bread - Crusty Italian Poly,$9.58 ,CNY,China,CN,3/11/2024,8:58 PM,FALSE
"Tart Shells - Savory, 4",$6.87 ,IDR,Indonesia,ID,6/10/2024,9:07 AM,TRUE
Wakami Seaweed,$5.77 ,THB,Thailand,TH,4/12/2024,1:58 PM,FALSE
Burger Veggie,$3.72 ,CZK,Czech Republic,CZ,9/10/2024,8:42 AM,FALSE
Pastry - Lemon Danish - Mini,$8.27 ,KRW,South Korea,KR,9/8/2024,10:28 PM,FALSE
Godiva White Chocolate,$3.66 ,EUR,France,FR,2/3/2024,4:46 AM,TRUE
Beer - Moosehead,$1.23 ,HNL,Honduras,HN,7/21/2024,7:49 PM,FALSE
Yucca,$4.47 ,CZK,Czech Republic,CZ,1/11/2024,8:25 PM,FALSE
Baking Soda,$7.87 ,EUR,France,FR,9/15/2024,2:52 AM,FALSE
Ham - Cooked Bayonne Tinned,$6.29 ,HRK,Croatia,HR,2/5/2024,4:12 AM,TRUE
Tandoori Curry Paste,$9.84 ,CNY,China,CN,8/20/2024,7:11 PM,TRUE
Sultanas,$4.88 ,USD,United States,US,5/2/2024,2:42 AM,TRUE
Lidsoupcont Rp12dn,$5.51 ,IDR,Indonesia,ID,8/28/2024,1:31 AM,TRUE
"Chestnuts - Whole,canned",$6.02 ,NZD,New Zealand,NZ,8/3/2024,1:37 PM,TRUE
Oil - Sesame,$0.04 ,UAH,Ukraine,UA,1/31/2024,6:10 AM,TRUE
Bread - Crusty Italian Poly,$6.46 ,EUR,Greece,GR,7/23/2024,4:34 PM,FALSE
Wine - Chardonnay Mondavi,$8.97 ,AUD,Australia,AU,9/6/2024,6:36 AM,TRUE
"Pork - Loin, Bone - In",$3.19 ,NZD,New Zealand,NZ,6/5/2024,3:31 PM,TRUE
"Wine - Magnotta - Red, Baco",$5.05 ,CNY,China,CN,5/4/2024,6:39 PM,TRUE
"Mushroom - Enoki, Dry",$2.30 ,RUB,Russia,RU,11/10/2024,2:43 AM,FALSE
Cream - 10%,$8.34 ,CNY,China,CN,2/7/2024,6:07 AM,FALSE
"7up Diet, 355 Ml",$7.40 ,VND,Vietnam,VN,8/20/2024,4:04 AM,FALSE
Kaffir Lime Leaves,$5.13 ,PHP,Philippines,PH,11/1/2024,7:09 AM,TRUE
Spinach - Baby,$7.70 ,CAD,Canada,CA,6/12/2024,6:23 AM,FALSE
Irish Cream - Butterscotch,$8.32 ,PLN,Poland,PL,2/17/2024,5:10 AM,TRUE
Juice - Lemon,$1.29 ,MKD,Macedonia,MK,12/29/2023,9:49 PM,TRUE
Gatorade - Lemon Lime,$7.37 ,CNY,China,CN,9/9/2024,6:14 AM,FALSE
Fork - Plastic,$0.40 ,BRL,Brazil,BR,10/2/2024,12:03 PM,FALSE
Cheese - Le Cheve Noir,$0.21 ,BWP,Botswana,BW,12/3/2023,4:04 AM,FALSE
"Beef - Roasted, Cooked",$5.50 ,CNY,China,CN,6/22/2024,3:30 PM,FALSE
Soup - Campbells,$9.64 ,IDR,Indonesia,ID,11/1/2023,5:01 AM,TRUE
Chinese Lemon Pork,$5.37 ,CNY,China,CN,7/21/2024,12:57 AM,TRUE
Puff Pastry - Sheets,$4.13 ,CNY,China,CN,11/23/2023,10:11 AM,FALSE
Fiddlehead - Frozen,$2.36 ,CNY,China,CN,8/21/2024,1:09 PM,FALSE
"Yogurt - Strawberry, 175 Gr",$9.11 ,CNY,China,CN,7/16/2024,6:25 PM,FALSE
"Soup - Knorr, Chicken Noodle",$2.43 ,CNY,China,CN,8/13/2024,3:54 PM,TRUE
Cups 10oz Trans,$9.30 ,CNY,China,CN,5/16/2024,3:02 PM,TRUE
"Halibut - Whole, Fresh",$4.57 ,NGN,Nigeria,NG,4/16/2024,1:56 PM,TRUE
Juice - Ocean Spray Cranberry,$8.50 ,THB,Thailand,TH,12/10/2023,1:35 AM,FALSE
Longos - Burritos,$7.22 ,CNY,China,CN,1/2/2024,6:21 PM,FALSE
Sugar Thermometer,$9.12 ,SAR,Saudi Arabia,SA,3/10/2024,1:45 PM,TRUE
Veal - Insides Provini,$4.67 ,EUR,Germany,DE,2/29/2024,4:16 AM,FALSE
Pepper - Pablano,$6.93 ,CZK,Czech Republic,CZ,4/19/2024,8:31 PM,FALSE
Wine - Pinot Grigio Collavini,$1.76 ,IDR,Indonesia,ID,11/9/2024,8:16 PM,FALSE
Crab - Soft Shell,$4.78 ,PHP,Philippines,PH,7/26/2024,4:44 PM,FALSE
Lemon Pepper,$1.25 ,BRL,Brazil,BR,2/20/2024,4:58 AM,TRUE
Salmon Steak - Cohoe 6 Oz,$4.70 ,CNY,China,CN,11/5/2023,8:53 AM,TRUE
"Beef - Kindney, Whole",$0.60 ,CNY,China,CN,9/29/2024,10:02 PM,FALSE
Nantucket Cranberry Juice,$4.43 ,THB,Thailand,TH,11/18/2024,6:35 AM,FALSE
"Soup - Campbells, Beef Barley",$7.35 ,EUR,France,FR,5/7/2024,10:53 PM,FALSE
Pepper - Roasted Red,$8.58 ,PHP,Philippines,PH,11/4/2024,10:04 AM,FALSE
"Olives - Green, Pitted",$9.42 ,RUB,Russia,RU,1/5/2024,9:36 AM,FALSE
Oil - Shortening - All - Purpose,$6.00 ,NGN,Nigeria,NG,1/19/2024,8:28 PM,FALSE
"Chocolate - Pistoles, White",$2.52 ,RUB,Russia,RU,10/4/2024,7:23 AM,FALSE
Compound - Mocha,$9.76 ,MMK,Myanmar,MM,11/6/2023,2:35 PM,TRUE
Pineapple - Regular,$6.55 ,CNY,China,CN,10/26/2024,3:55 PM,TRUE
Bananas,$0.74 ,CNY,China,CN,11/21/2023,5:12 PM,TRUE
Shortbread - Cookie Crumbs,$0.70 ,YER,Yemen,YE,1/13/2024,10:09 AM,TRUE
Persimmons,$2.73 ,CNY,China,CN,4/28/2024,3:01 PM,FALSE
Cheese - Mix,$4.69 ,MXN,Mexico,MX,11/10/2024,11:33 AM,TRUE
Steamers White,$1.39 ,CRC,Costa Rica,CR,1/16/2024,8:07 AM,FALSE
Soup - Cream Of Broccoli,$9.11 ,IDR,Indonesia,ID,2/24/2024,1:20 PM,FALSE
Ecolab - Mikroklene 4/4 L,$9.64 ,EUR,Slovakia,SK,8/27/2024,2:36 AM,TRUE
Salmon Atl.whole 8 - 10 Lb,$3.36 ,RUB,Russia,RU,9/16/2024,12:23 AM,FALSE
Chicken - Ground,$1.66 ,USD,El Salvador,SV,3/29/2024,7:49 AM,TRUE
Emulsifier,$6.45 ,EGP,Egypt,EG,6/30/2024,7:50 AM,FALSE
Pepper - Scotch Bonnet,$5.49 ,IDR,Indonesia,ID,3/3/2024,8:34 PM,FALSE
"Gin - Gilbeys London, Dry",$0.63 ,CNY,China,CN,1/18/2024,12:30 AM,TRUE
"Juice - Apple, 500 Ml",$3.39 ,SEK,Sweden,SE,12/10/2023,4:37 PM,FALSE
Cleaner - Comet,$5.81 ,SEK,Sweden,SE,11/13/2023,5:34 PM,FALSE
Basil - Fresh,$8.73 ,PLN,Poland,PL,6/25/2024,5:23 AM,TRUE
Yeast Dry - Fermipan,$4.27 ,PLN,Poland,PL,4/18/2024,2:10 AM,TRUE
Tofu - Firm,$3.16 ,LYD,Libya,LY,4/11/2024,1:22 AM,FALSE
"Red Snapper - Fresh, Whole",$3.77 ,CNY,China,CN,4/1/2024,12:31 AM,FALSE
"Nut - Pecan, Halves",$7.02 ,MGA,Madagascar,MG,1/26/2024,11:45 PM,TRUE
Potatoes - Mini Red,$3.10 ,CNY,China,CN,3/26/2024,8:54 AM,FALSE
"Pepper - White, Ground",$8.88 ,EUR,Greece,GR,5/26/2024,11:09 PM,TRUE
Syrup - Monin - Granny Smith,$6.30 ,RUB,Russia,RU,4/18/2024,8:47 AM,TRUE
Bread - Wheat Baguette,$9.01 ,EUR,Greece,GR,8/5/2024,8:10 AM,TRUE
Table Cloth 62x114 White,$2.45 ,RUB,Russia,RU,5/29/2024,8:18 AM,FALSE
Apple - Northern Spy,$9.25 ,CNY,China,CN,8/9/2024,9:17 PM,TRUE
Persimmons,$3.95 ,AFN,Afghanistan,AF,3/4/2024,11:51 AM,FALSE
"Sauce - Bernaise, Mix",$3.08 ,CNY,China,CN,10/5/2024,7:22 PM,TRUE
Coffee - Decaffeinato Coffee,$8.86 ,EUR,Ireland,IE,9/25/2024,8:46 AM,TRUE
Halibut - Fletches,$8.77 ,BRL,Brazil,BR,3/12/2024,8:26 PM,FALSE
Pork - Suckling Pig,$1.55 ,UAH,Ukraine,UA,5/6/2024,2:35 AM,FALSE
Pimento - Canned,$9.32 ,EUR,France,FR,8/19/2024,2:07 AM,FALSE
Bouq All Italian - Primerba,$4.04 ,PEN,Peru,PE,7/25/2024,10:51 AM,TRUE
Chocolate - Sugar Free Semi Choc,$2.85 ,RUB,Russia,RU,11/29/2023,10:40 AM,FALSE
Calypso - Black Cherry Lemonade,$2.64 ,EUR,France,FR,2/24/2024,10:34 PM,FALSE
Arizona - Green Tea,$1.20 ,ARS,Argentina,AR,2/21/2024,8:54 PM,TRUE
Venison - Liver,$3.19 ,KES,Kenya,KE,4/4/2024,5:19 PM,FALSE
Mix - Cocktail Ice Cream,$9.76 ,IDR,Indonesia,ID,9/11/2024,10:49 AM,TRUE
"Soup - Campbells, Classic Chix",$8.89 ,CNY,China,CN,6/1/2024,9:26 AM,FALSE
Pastry - Lemon Danish - Mini,$7.73 ,EUR,France,FR,10/14/2024,6:43 PM,TRUE
"Pepper - Paprika, Spanish",$9.43 ,COP,Colombia,CO,7/3/2024,7:43 PM,FALSE
Egg - Salad Premix,$9.72 ,CNY,China,CN,3/26/2024,9:16 AM,FALSE
Butter Ripple - Phillips,$5.41 ,CNY,China,CN,11/1/2024,11:12 PM,TRUE
Strawberries - California,$4.44 ,PHP,Philippines,PH,4/2/2024,2:36 AM,FALSE
"Wine - White, Schroder And Schyl",$2.12 ,CNY,China,CN,5/1/2024,8:12 PM,FALSE
Beer - Pilsner Urquell,$6.38 ,RUB,Russia,RU,7/11/2024,4:49 PM,FALSE
Fudge - Chocolate Fudge,$2.21 ,RUB,Russia,RU,2/8/2024,12:10 PM,TRUE
Lettuce - Spring Mix,$6.53 ,EUR,Portugal,PT,9/15/2024,7:55 AM,TRUE
Cheese - Asiago,$9.20 ,IRR,Iran,IR,2/9/2024,6:11 AM,TRUE
"Turnip - White, Organic",$5.18 ,CUP,Cuba,CU,1/3/2024,12:01 PM,FALSE
Cocoa Butter,$2.66 ,BDT,Bangladesh,BD,7/20/2024,7:05 AM,TRUE
Salmon - Fillets,$8.36 ,CNY,China,CN,7/22/2024,2:22 AM,FALSE
"Vermacelli - Sprinkles, Assorted",$5.34 ,IDR,Indonesia,ID,1/4/2024,7:31 AM,TRUE
Appetizer - Veg Assortment,$4.17 ,EUR,Portugal,PT,6/25/2024,4:51 PM,FALSE
"Lid - Translucent, 3.5 And 6 Oz",$9.75 ,BYR,Belarus,BY,1/5/2024,9:15 PM,FALSE
Wine - Beaujolais Villages,$0.54 ,CUP,Cuba,CU,3/17/2024,12:54 PM,FALSE
Bread - Olive Dinner Roll,$9.23 ,RSD,Serbia,RS,11/6/2023,5:41 PM,TRUE
Evaporated Milk - Skim,$1.72 ,NGN,Nigeria,NG,1/16/2024,9:25 AM,TRUE
Squash - Acorn,$9.06 ,EUR,France,FR,11/1/2024,11:14 PM,TRUE
Fruit Mix - Light,$0.90 ,IDR,Indonesia,ID,1/26/2024,3:43 AM,TRUE
"Basil - Dry, Rubbed",$3.30 ,PLN,Poland,PL,11/8/2023,3:39 AM,FALSE
Pasta - Agnolotti - Butternut,$6.90 ,CZK,Czech Republic,CZ,5/27/2024,6:27 AM,TRUE
Butter - Unsalted,$6.03 ,CNY,China,CN,4/10/2024,2:57 PM,TRUE
Strawberries,$2.16 ,PLN,Poland,PL,11/8/2023,1:29 AM,TRUE
"Wine - Red, Cabernet Sauvignon",$5.38 ,BRL,Brazil,BR,4/12/2024,1:55 PM,TRUE
Seaweed Green Sheets,$5.45 ,IDR,Indonesia,ID,9/16/2024,1:25 AM,TRUE
Cheese Cloth,$9.07 ,ZAR,South Africa,ZA,9/6/2024,12:52 AM,FALSE
Apron,$6.33 ,XOF,Guinea-Bissau,GW,3/14/2024,12:07 PM,FALSE
Tart - Pecan Butter Squares,$1.93 ,ARS,Argentina,AR,4/3/2024,8:12 AM,TRUE
Petite Baguette,$8.97 ,VND,Vietnam,VN,4/9/2024,10:05 AM,TRUE
Loquat,$2.75 ,CNY,China,CN,2/16/2024,8:30 AM,FALSE
Vaccum Bag 10x13,$1.15 ,SEK,Sweden,SE,1/10/2024,10:38 AM,TRUE
Fruit Mix - Light,$2.13 ,CNY,China,CN,12/17/2023,3:14 PM,TRUE
Sorrel - Fresh,$4.79 ,NPR,Nepal,NP,4/4/2024,11:48 AM,TRUE
Turkey Leg With Drum And Thigh,$3.69 ,IDR,Indonesia,ID,3/7/2024,1:32 PM,FALSE
Island Oasis - Cappucino Mix,$0.76 ,EUR,Portugal,PT,9/16/2024,1:09 AM,TRUE
"Juice - Apple, 500 Ml",$9.58 ,IDR,Indonesia,ID,6/18/2024,11:01 PM,TRUE
"Pasta - Cannelloni, Sheets, Fresh",$4.41 ,USD,United States,US,11/14/2024,3:59 PM,FALSE
"Soup - Campbells, Spinach Crm",$8.06 ,HRK,Croatia,HR,1/29/2024,8:17 AM,FALSE
Onions - Red Pearl,$2.70 ,CNY,China,CN,9/25/2024,2:30 PM,FALSE
Carbonated Water - Lemon Lime,$7.15 ,CRC,Costa Rica,CR,4/6/2024,3:54 AM,TRUE
Calypso - Strawberry Lemonade,$9.16 ,BRL,Brazil,BR,10/23/2024,8:56 PM,TRUE
Crush - Cream Soda,$7.93 ,BRL,Brazil,BR,6/23/2024,7:16 AM,FALSE
Sterno - Chafing Dish Fuel,$5.44 ,BDT,Bangladesh,BD,10/29/2024,8:29 PM,TRUE
Bread - Rye,$1.88 ,MNT,Mongolia,MN,5/6/2024,1:57 PM,TRUE
Squid U5 - Thailand,$0.97 ,EUR,Finland,FI,2/5/2024,1:53 PM,FALSE
Cut Wakame - Hanawakaba,$5.59 ,CNY,China,CN,8/24/2024,11:31 AM,FALSE
Ecolab - Medallion,$0.52 ,XAF,Cameroon,CM,12/14/2023,2:11 PM,TRUE
Rosemary - Fresh,$3.01 ,BGN,Bulgaria,BG,6/29/2024,2:00 PM,TRUE
"Nut - Pecan, Halves",$8.93 ,BRL,Brazil,BR,2/5/2024,2:52 AM,FALSE
Wine - Mondavi Coastal Private,$7.95 ,JPY,Japan,JP,12/13/2023,2:50 PM,FALSE
Raisin - Dark,$3.45 ,RUB,Russia,RU,10/22/2024,6:20 AM,TRUE
"Pasta - Lasagne, Fresh",$9.37 ,CZK,Czech Republic,CZ,4/5/2024,11:50 PM,FALSE
Chocolate Bar - Smarties,$3.55 ,EUR,Greece,GR,11/13/2024,6:41 PM,TRUE
Yoplait - Strawbrasp Peac,$4.49 ,PHP,Philippines,PH,4/11/2024,6:55 AM,TRUE
Shiratamako - Rice Flour,$7.08 ,PHP,Philippines,PH,4/25/2024,7:54 PM,TRUE
Oven Mitts - 15 Inch,$5.02 ,BGN,Bulgaria,BG,9/19/2024,2:07 AM,TRUE
Campari,$1.72 ,PHP,Philippines,PH,11/5/2023,1:14 AM,FALSE
Arctic Char - Fillets,$0.70 ,IDR,Indonesia,ID,8/8/2024,7:10 AM,TRUE
Tea - Mint,$0.96 ,THB,Thailand,TH,7/6/2024,6:15 AM,FALSE
Vegetable - Base,$8.07 ,CNY,China,CN,1/8/2024,9:30 PM,FALSE
"Olives - Green, Pitted",$7.12 ,EUR,Portugal,PT,12/21/2023,5:27 PM,FALSE
"Mushroom - Oyster, Fresh",$5.42 ,TZS,Tanzania,TZ,11/25/2023,12:09 AM,FALSE
"Sprite, Diet - 355ml",$1.16 ,CNY,China,CN,5/24/2024,4:11 AM,FALSE
Apricots - Halves,$5.38 ,IDR,Indonesia,ID,6/19/2024,1:41 PM,FALSE
Soup - Campbells Mac N Cheese,$5.78 ,BRL,Brazil,BR,1/20/2024,11:30 AM,FALSE
Veal - Leg,$1.64 ,JMD,Jamaica,JM,5/18/2024,1:40 PM,FALSE
Pork - Side Ribs,$3.57 ,EUR,Portugal,PT,10/20/2024,4:01 AM,FALSE
Nut - Macadamia,$8.41 ,VND,Vietnam,VN,2/18/2024,8:06 PM,TRUE
Lamb - Rack,$9.30 ,CNY,China,CN,7/29/2024,4:42 AM,TRUE
Anchovy Fillets,$5.84 ,PHP,Philippines,PH,3/3/2024,1:51 PM,FALSE
Vinegar - Champagne,$9.28 ,JPY,Japan,JP,11/14/2024,8:31 AM,FALSE
Island Oasis - Mango Daiquiri,$6.39 ,IDR,Indonesia,ID,10/28/2024,8:24 AM,TRUE
Mushroom - Lg - Cello,$2.89 ,XOF,Togo,TG,7/10/2024,8:36 AM,FALSE
"Potatoes - Purple, Organic",$5.88 ,IDR,Indonesia,ID,5/24/2024,7:16 AM,TRUE
Garbage Bags - Clear,$5.12 ,PLN,Poland,PL,11/24/2023,8:47 AM,FALSE
Cheese - Sheep Milk,$9.72 ,PHP,Philippines,PH,11/8/2023,7:03 PM,TRUE
Lemon Grass,$9.32 ,IDR,Indonesia,ID,5/28/2024,9:29 AM,FALSE
Jerusalem Artichoke,$3.90 ,CNY,China,CN,9/24/2024,9:49 PM,FALSE
"Stock - Chicken, White",$2.02 ,KGS,Kyrgyzstan,KG,2/19/2024,9:58 PM,FALSE
Huck Towels White,$9.59 ,EUR,Finland,FI,9/13/2024,4:45 PM,TRUE
Table Cloth 62x120 Colour,$7.05 ,RUB,Russia,RU,12/31/2023,11:28 PM,FALSE
Papadam,$8.03 ,USD,United States,US,7/5/2024,10:14 PM,FALSE
Daikon Radish,$5.20 ,PKR,Pakistan,PK,4/19/2024,12:47 AM,TRUE
Octopus,$0.06 ,CNY,China,CN,11/11/2023,2:23 PM,FALSE
"Bread - Rolls, Rye",$9.38 ,THB,Thailand,TH,7/9/2024,11:40 PM,TRUE
"Tray - Foam, Square 4 - S",$1.56 ,CDF,Democratic Republic of the Congo,CD,4/29/2024,11:46 AM,FALSE
Mushroom - White Button,$1.18 ,PHP,Philippines,PH,8/16/2024,7:58 AM,TRUE
Flower - Potmums,$7.71 ,PHP,Philippines,PH,1/12/2024,3:35 PM,FALSE
"Sauce - White, Mix",$5.67 ,CNY,China,CN,2/7/2024,4:46 PM,FALSE
Soup - Campbells - Chicken Noodle,$6.69 ,PHP,Philippines,PH,8/30/2024,2:27 AM,FALSE
"Pepper - Paprika, Spanish",$5.78 ,CNY,China,CN,9/4/2024,8:52 PM,FALSE
Cake - Sheet Strawberry,$8.45 ,SLL,Sierra Leone,SL,3/11/2024,4:32 AM,TRUE
Dish Towel,$9.85 ,YER,Yemen,YE,10/8/2024,1:55 PM,TRUE
"Ice - Clear, 300 Lb For Carving",$9.99 ,MKD,Macedonia,MK,4/14/2024,8:56 AM,TRUE
"Juice - Orange, 341 Ml",$1.33 ,IDR,Indonesia,ID,2/6/2024,10:15 PM,TRUE
Shrimp - Prawn,$7.51 ,ILS,Palestinian Territory,PS,4/7/2024,6:26 PM,FALSE
Salt - Celery,$1.22 ,IDR,Indonesia,ID,7/2/2024,1:56 AM,TRUE
Sambuca Cream,$7.40 ,AED,United Arab Emirates,AE,3/6/2024,2:11 PM,FALSE
Muffin Hinge 117n,$1.72 ,MRO,Mauritania,MR,11/13/2023,8:32 AM,FALSE
Bread Base - Toscano,$7.27 ,IRR,Iran,IR,11/5/2024,1:54 AM,TRUE
Cloves - Whole,$6.14 ,SEK,Sweden,SE,10/24/2024,2:43 PM,FALSE
Soup - Campbells - Chicken Noodle,$5.41 ,IDR,Indonesia,ID,11/13/2024,7:52 AM,TRUE
"Coconut - Shredded, Sweet",$0.96 ,CNY,China,CN,11/9/2023,6:09 PM,TRUE
Milk - 1%,$5.92 ,USD,United States,US,9/25/2024,9:41 PM,FALSE
Beans - Butter Lrg Lima,$5.67 ,NIO,Nicaragua,NI,9/29/2024,4:19 PM,TRUE
Pate - Peppercorn,$7.81 ,IDR,Indonesia,ID,3/8/2024,12:55 AM,FALSE
Food Colouring - Pink,$9.00 ,JPY,Japan,JP,8/22/2024,3:26 AM,TRUE
Veal - Kidney,$1.35 ,EUR,Portugal,PT,9/19/2024,1:50 AM,TRUE
Ginger - Pickled,$3.12 ,IDR,Indonesia,ID,9/4/2024,5:41 AM,FALSE
"Bread - Roll, Italian",$2.31 ,EUR,Ireland,IE,7/3/2024,10:19 PM,FALSE
"Beans - Kidney, Canned",$6.02 ,PEN,Peru,PE,8/17/2024,11:15 PM,TRUE
Table Cloth 90x90 White,$4.29 ,NOK,Norway,NO,6/11/2024,8:53 PM,FALSE
Potatoes - Idaho 80 Count,$9.55 ,CNY,China,CN,5/28/2024,5:17 PM,FALSE
Cookie - Dough Variety,$3.97 ,BRL,Brazil,BR,9/23/2024,11:43 PM,FALSE
Sauce - Fish 25 Ozf Bottle,$5.56 ,USD,United States,US,12/5/2023,10:26 PM,TRUE
Longos - Grilled Chicken With,$9.26 ,PKR,Pakistan,PK,4/14/2024,11:54 AM,FALSE
Plasticforkblack,$1.43 ,UAH,Ukraine,UA,5/19/2024,11:59 AM,FALSE
Bread - Hamburger Buns,$0.79 ,EUR,Greece,GR,11/11/2023,7:41 PM,TRUE
"Nut - Pecan, Pieces",$4.69 ,IDR,Indonesia,ID,4/29/2024,3:34 PM,FALSE
Graham Cracker Mix,$1.49 ,MKD,Macedonia,MK,12/18/2023,7:20 PM,TRUE
Onions - Cippolini,$2.55 ,MGA,Madagascar,MG,6/12/2024,10:34 PM,FALSE
Soup - Campbells Beef Strogonoff,$1.61 ,SEK,Sweden,SE,5/11/2024,8:18 PM,TRUE
Beef - Tenderloin Tails,$0.03 ,CNY,China,CN,11/6/2023,6:57 AM,FALSE
Chutney Sauce,$6.60 ,BAM,Bosnia and Herzegovina,BA,12/19/2023,11:56 PM,FALSE
Canada Dry,$0.66 ,CNY,China,CN,11/22/2023,12:05 AM,FALSE
Grouper - Fresh,$6.21 ,USD,United States,US,10/29/2024,1:58 AM,FALSE
Cookies - Amaretto,$7.44 ,CNY,China,CN,11/20/2024,11:14 AM,TRUE
Crackers - Graham,$9.40 ,PLN,Poland,PL,11/30/2023,4:32 PM,FALSE
Mushroom - White Button,$3.34 ,IDR,Indonesia,ID,11/22/2023,8:08 PM,FALSE
Chicken Thigh - Bone Out,$2.60 ,USD,United States,US,7/6/2024,3:57 PM,TRUE
Sprouts - Pea,$9.14 ,RUB,Russia,RU,7/9/2024,11:21 PM,TRUE
Chinese Foods - Plain Fried Rice,$3.88 ,TND,Tunisia,TN,12/12/2023,10:32 PM,FALSE
Pickerel - Fillets,$6.17 ,ARS,Argentina,AR,6/9/2024,3:11 PM,FALSE
Wine - Champagne Brut Veuve,$9.05 ,CNY,China,CN,12/4/2023,11:16 AM,TRUE
Cookie - Oreo 100x2,$0.29 ,RUB,Russia,RU,8/31/2024,12:40 AM,FALSE
Cheese - Feta,$5.87 ,CNY,China,CN,3/19/2024,4:02 PM,FALSE
Bulgar,$7.48 ,KRW,South Korea,KR,5/17/2024,10:40 AM,FALSE
Pasta - Ravioli,$7.40 ,RUB,Russia,RU,7/21/2024,9:30 AM,TRUE
Flour - Fast / Rapid,$4.80 ,RUB,Russia,RU,7/16/2024,9:36 PM,TRUE
Bread - Sour Batard,$8.24 ,GTQ,Guatemala,GT,5/10/2024,6:04 PM,FALSE
Parasol Pick Stir Stick,$4.11 ,CNY,China,CN,8/28/2024,12:37 AM,FALSE
"Wine - White, Mosel Gold",$8.45 ,PHP,Philippines,PH,3/5/2024,11:11 PM,FALSE
Eggplant - Baby,$5.08 ,IDR,Indonesia,ID,6/20/2024,2:08 AM,FALSE
Sauce - Salsa,$4.43 ,CNY,China,CN,12/21/2023,9:31 PM,TRUE
"Beans - Navy, Dry",$9.47 ,IDR,Indonesia,ID,10/31/2024,3:36 AM,TRUE
Tea - Green,$6.09 ,PHP,Philippines,PH,12/15/2023,3:21 PM,TRUE
Salmon - Sockeye Raw,$0.96 ,THB,Thailand,TH,11/9/2024,10:28 PM,TRUE
Tomatoes - Roma,$6.81 ,YER,Yemen,YE,9/25/2024,7:41 AM,TRUE
Beans - Green,$4.93 ,IDR,Indonesia,ID,1/11/2024,7:31 AM,TRUE
Island Oasis - Peach Daiquiri,$4.65 ,PLN,Poland,PL,6/29/2024,12:00 AM,FALSE
Wine - Niagara Peninsula Vqa,$2.69 ,IDR,Indonesia,ID,12/1/2023,4:50 AM,TRUE
Coffee - Decafenated,$0.42 ,IDR,Indonesia,ID,8/8/2024,6:56 AM,FALSE
Bread Base - Goodhearth,$7.64 ,RUB,Russia,RU,9/12/2024,6:16 AM,FALSE
"Wine - White, Antinore Orvieto",$1.46 ,RUB,Russia,RU,11/6/2024,12:10 PM,FALSE
Tea - Mint,$0.47 ,UAH,Ukraine,UA,1/13/2024,8:58 AM,TRUE
Ecolab - Solid Fusion,$3.15 ,CNY,China,CN,9/18/2024,5:58 AM,TRUE
Mix - Cocktail Ice Cream,$9.64 ,EUR,France,FR,3/3/2024,11:00 AM,TRUE
Cake Slab,$2.42 ,ILS,Palestinian Territory,PS,6/8/2024,1:01 PM,TRUE
Sauce - Rosee,$5.02 ,USD,United States,US,11/21/2024,2:45 AM,TRUE
"Shrimp - 16 - 20 Cooked, Peeled",$6.16 ,AFN,Afghanistan,AF,4/21/2024,1:17 PM,FALSE
Compound - Pear,$2.56 ,EGP,Egypt,EG,7/11/2024,12:38 PM,TRUE
Toothpick Frilled,$2.95 ,CAD,Canada,CA,11/3/2023,10:00 AM,FALSE
Extract Vanilla Pure,$0.76 ,PHP,Philippines,PH,1/14/2024,6:03 AM,FALSE
Cheese - Mix,$2.23 ,MYR,Malaysia,MY,11/14/2023,6:52 AM,FALSE
Mince Meat - Filling,$0.17 ,BDT,Bangladesh,BD,6/5/2024,5:47 AM,FALSE
Dried Peach,$7.92 ,PKR,Pakistan,PK,1/10/2024,8:31 AM,FALSE
"Lid - Translucent, 3.5 And 6 Oz",$0.72 ,EUR,France,FR,5/25/2024,3:50 AM,TRUE
Soup - Campbells Chili Veg,$3.71 ,IDR,Indonesia,ID,3/21/2024,5:41 PM,FALSE
"Cheese - Romano, Grated",$3.42 ,COP,Colombia,CO,3/30/2024,7:41 PM,FALSE
Duck - Whole,$1.70 ,CNY,China,CN,7/8/2024,4:43 PM,FALSE
Container Clear 8 Oz,$5.11 ,PHP,Philippines,PH,9/16/2024,9:54 PM,FALSE
Wine - Shiraz Wolf Blass Premium,$8.90 ,CDF,Democratic Republic of the Congo,CD,6/24/2024,8:26 AM,TRUE
Creme De Menth - White,$2.12 ,EUR,Guadeloupe,GP,6/6/2024,6:34 AM,TRUE
"Pasta - Detalini, White, Fresh",$5.56 ,CNY,China,CN,1/17/2024,4:36 AM,FALSE
"Pasta - Lasagna, Dry",$1.02 ,AZN,Azerbaijan,AZ,11/11/2023,1:59 PM,TRUE
"Bread - Rolls, Corn",$0.15 ,PHP,Philippines,PH,2/15/2024,4:21 PM,FALSE
Chinese Foods - Thick Noodles,$8.39 ,JPY,Japan,JP,10/6/2024,7:25 AM,FALSE
Green Tea Refresher,$0.44 ,IDR,Indonesia,ID,1/4/2024,7:21 PM,FALSE
Macaroons - Homestyle Two Bit,$0.23 ,CNY,China,CN,11/12/2024,2:01 AM,FALSE
Tuna - Loin,$8.47 ,PEN,Peru,PE,11/21/2023,10:38 AM,FALSE
Island Oasis - Peach Daiquiri,$1.59 ,PHP,Philippines,PH,10/7/2024,10:50 PM,TRUE
Canadian Emmenthal,$8.14 ,UAH,Ukraine,UA,3/16/2024,12:13 AM,TRUE
Spice - Onion Powder Granulated,$0.18 ,CNY,China,CN,5/10/2024,10:11 PM,FALSE
"Lamb - Pieces, Diced",$1.44 ,PHP,Philippines,PH,5/4/2024,12:06 AM,TRUE
Wine - Sake,$5.12 ,GNF,Guinea,GN,8/8/2024,5:55 PM,FALSE
Lemon Pepper,$1.06 ,CNY,China,CN,5/11/2024,12:19 AM,TRUE
Coffee - French Vanilla Frothy,$6.21 ,SEK,Sweden,SE,10/26/2024,2:47 PM,FALSE
Eel Fresh,$1.09 ,BRL,Brazil,BR,1/28/2024,11:43 PM,FALSE
Wine - Niagara Peninsula Vqa,$9.20 ,CNY,China,CN,12/16/2023,7:52 AM,FALSE
"Mushroom - Enoki, Fresh",$7.95 ,IDR,Indonesia,ID,6/1/2024,5:53 AM,FALSE
Potatoes - Fingerling 4 Oz,$3.19 ,IDR,Indonesia,ID,12/26/2023,7:07 AM,TRUE
Kellogs Raisan Bran Bars,$1.17 ,CNY,China,CN,12/27/2023,7:43 PM,TRUE
Crab - Soft Shell,$5.74 ,TND,Tunisia,TN,7/26/2024,5:12 AM,TRUE
Cake - Mini Cheesecake,$1.60 ,EUR,France,FR,4/24/2024,1:08 AM,TRUE
Southern Comfort,$7.89 ,CNY,China,CN,9/18/2024,7:21 PM,FALSE
Vaccum Bag 10x13,$0.21 ,IDR,Indonesia,ID,8/24/2024,6:04 PM,FALSE
Bandage - Finger Cots,$1.47 ,CNY,China,CN,10/15/2024,3:31 AM,TRUE
Muffin Hinge 117n,$4.74 ,AMD,Armenia,AM,11/20/2024,12:36 PM,TRUE
Orange Roughy 4/6 Oz,$1.27 ,IDR,Indonesia,ID,11/11/2024,4:42 AM,TRUE
Mussels - Cultivated,$2.79 ,UAH,Ukraine,UA,12/26/2023,5:44 AM,TRUE
Sprouts - China Rose,$3.03 ,BAM,Bosnia and Herzegovina,BA,6/14/2024,8:44 PM,TRUE
Soup Campbells Beef With Veg,$3.93 ,CAD,Canada,CA,11/14/2023,7:55 AM,FALSE
Seedlings - Clamshell,$1.68 ,PEN,Peru,PE,11/19/2023,6:27 AM,FALSE
Bread - Calabrese Baguette,$0.57 ,EUR,Portugal,PT,5/11/2024,1:55 PM,FALSE
Lentils - Green Le Puy,$9.75 ,ALL,Albania,AL,4/29/2024,9:34 PM,FALSE
Rice - Jasmine Sented,$0.19 ,PEN,Peru,PE,1/8/2024,10:32 AM,FALSE
Truffle Shells - Semi - Sweet,$4.90 ,PLN,Poland,PL,10/9/2024,6:00 PM,FALSE
Cheese - Perron Cheddar,$2.02 ,CNY,China,CN,1/18/2024,12:17 AM,FALSE
"Orange - Canned, Mandarin",$4.57 ,PEN,Peru,PE,4/2/2024,12:12 PM,FALSE
Sage - Fresh,$2.39 ,PHP,Philippines,PH,8/15/2024,10:49 PM,FALSE
Sponge Cake Mix - Chocolate,$1.33 ,PHP,Philippines,PH,1/3/2024,4:52 PM,TRUE
"Wine - Sherry Dry Sack, William",$8.93 ,CNY,China,CN,2/5/2024,10:23 PM,FALSE
Allspice - Jamaican,$1.37 ,IDR,Indonesia,ID,4/14/2024,1:10 PM,TRUE
Apples - Spartan,$3.14 ,BRL,Brazil,BR,8/21/2024,12:42 PM,TRUE
Chinese Foods - Chicken,$8.70 ,GEL,Georgia,GE,6/14/2024,3:53 PM,FALSE
Chicken Giblets,$3.39 ,BRL,Brazil,BR,9/22/2024,2:38 AM,TRUE
"Cheese - Woolwich Goat, Log",$5.69 ,CNY,China,CN,9/16/2024,5:39 AM,FALSE
Bread - Wheat Baguette,$0.40 ,IDR,Indonesia,ID,9/23/2024,7:46 AM,TRUE
Limes,$5.28 ,SEK,Sweden,SE,5/13/2024,10:43 AM,TRUE
V8 Pet,$3.06 ,USD,United States,US,6/2/2024,2:29 AM,FALSE
Compound - Mocha,$5.95 ,IDR,Indonesia,ID,8/9/2024,2:26 AM,FALSE
Lettuce - Spring Mix,$0.89 ,IDR,Indonesia,ID,2/2/2024,3:28 AM,FALSE
"Tart Shells - Sweet, 3",$3.69 ,EUR,Greece,GR,1/19/2024,3:50 PM,TRUE
Gherkin,$5.96 ,MXN,Mexico,MX,10/7/2024,1:53 AM,FALSE
Chickensplit Half,$5.31 ,JPY,Japan,JP,12/24/2023,2:23 PM,TRUE
Sauce - Ranch Dressing,$1.07 ,EUR,France,FR,4/12/2024,5:21 AM,TRUE
Squash - Sunburst,$0.37 ,ZAR,South Africa,ZA,8/9/2024,1:24 AM,FALSE
